eventID,scientificName,references,institutionCode,ownerInstitutionCode,basisOfRecord,occurrenceID,catalogNumber,occurrenceStatus,scientificNameID,locality,Temperature_C,DepthInMeters,decimalLatitude,decimalLongitude,sea_water_salinity,oxygen_concentration_mgL,sea_water_velocity,eventDate
82016,Harpiliopsis depressa,voucher specimen collections,CMLRE,CMLRE,PreservedSpecimen,IO/SS/ANO/00121,IO/DV/CAR/00127,present,urn:lsid:marinespecies.org:taxname:220131,"Agatti Island, Lakshadweep",15.27,10,10.86,72.18,36.47,7.07,1.76,24-03-2023
82017,Saron marmoratus,voucher specimen collections,CMLRE,CMLRE,PreservedSpecimen,IO/DV/CAR/00128,IO/DV/CAR/00128,present,urn:lsid:marinespecies.org:taxname:210450,"Agatti Island, Lakshadweep",13.68,10,10.86,72.18,35.02,2.69,2.65,13-07-2023
82018,Coralliocaris superba,voucher specimen collections,CMLRE,CMLRE,PreservedSpecimen,IO/DV/CAR/00129,IO/DV/CAR/00129,present,urn:lsid:marinespecies.org:taxname:210623,"Agatti Island, Lakshadweep",7.4,10,10.86,72.18,32.42,6.92,0.85,14-11-2016
82019,Coralliocaris superba,voucher specimen collections,CMLRE,CMLRE,PreservedSpecimen,IO/DV/CAR/00130,IO/DV/CAR/00130,present,urn:lsid:marinespecies.org:taxname:210623,"Agatti Island, Lakshadweep",27.08,10,10.86,72.18,36.01,7.93,0.02,22-07-2021
82020,Ophiomastix elegans,voucher specimen collections,CMLRE,CMLRE,PreservedSpecimen,IO/DV/ECD/00232,IO/DV/ECD/00232,present,urn:lsid:marinespecies.org:taxname:1306667,"Agatti, Lakshadweep",25.73,24,10.861,72.21,35.42,6.35,2.56,30-11-2015
82021,Ophiarachnella septimspinosa,voucher specimen collections,CMLRE,CMLRE,PreservedSpecimen,IO/DV/ECD/00233,IO/DV/ECD/00233,present,urn:lsid:marinespecies.org:taxname:213217,"Agatti, Lakshadweep",24.97,20,10.866,72.207,34.19,3.98,2.53,16-11-2022
82022,Ophiothrix (Acanthophiothrix) purpurea,voucher specimen collections,CMLRE,CMLRE,PreservedSpecimen,IO/DV/ECD/00315,IO/DV/ECD/00315,present,urn:lsid:marinespecies.org:taxname:244144,"Agatti, Lakshadweep",29.39,20,10.866,72.207,36.44,6.01,1.78,20-06-2023
82023,Ophiomastix elegans,voucher specimen collections,CMLRE,CMLRE,PreservedSpecimen,IO/DV/ECD/00336,IO/DV/ECD/00336,present,urn:lsid:marinespecies.org:taxname:1306667,"Agatti, Lakshadweep",27.91,20,10.866,72.207,34.98,3.24,1.75,02-06-2017
82024,Himerometra robustipinna,voucher specimen collections,CMLRE,CMLRE,PreservedSpecimen,IO/DV/ECD/00350,IO/DV/ECD/00350,present,urn:lsid:marinespecies.org:taxname:367877,"Agatti, Lakshadweep",4.45,24,10.861,72.21,32.06,2.17,2.36,24-11-2018
82025,Dichrometra palmata,voucher specimen collections,CMLRE,CMLRE,PreservedSpecimen,IO/DV/ECD/00351,IO/DV/ECD/00351,present,urn:lsid:marinespecies.org:taxname:213596,"Agatti, Lakshadweep",19.63,24,10.861,72.21,32.66,2.08,0.32,28-11-2019
82026,Comanthus wahlbergii,voucher specimen collections,CMLRE,CMLRE,PreservedSpecimen,IO/DV/ECD/00352,IO/DV/ECD/00352,present,urn:lsid:marinespecies.org:taxname:213328,"Agatti, Lakshadweep",4.26,24,10.861,72.21,30.33,7.18,2.73,21-09-2021
82027,Comaster schlegelii,voucher specimen collections,CMLRE,CMLRE,PreservedSpecimen,IO/DV/ECD/00353,IO/DV/ECD/00353,present,urn:lsid:marinespecies.org:taxname:246756,"Agatti, Lakshadweep",18.1,28,10.869,72.206,31.59,6.79,2.03,01-09-2022
82028,Himerometra robustipinna,voucher specimen collections,CMLRE,CMLRE,PreservedSpecimen,IO/DV/ECD/00354,IO/DV/ECD/00354,present,urn:lsid:marinespecies.org:taxname:367877,"Agatti, Lakshadweep",17.21,28,10.869,72.206,33.05,2.87,0.02,18-03-2019
82029,Dichrometra palmata,voucher specimen collections,CMLRE,CMLRE,PreservedSpecimen,IO/DV/ECD/00355,IO/DV/ECD/00355,present,urn:lsid:marinespecies.org:taxname:213596,"Agatti, Lakshadweep",18.17,21,10.869,72.206,33,4.59,2.98,06-06-2015
82030,Comanthus wahlbergii,voucher specimen collections,CMLRE,CMLRE,PreservedSpecimen,IO/DV/ECD/00356,IO/DV/ECD/00356,present,urn:lsid:marinespecies.org:taxname:213328,"Agatti, Lakshadweep",24.77,21,10.869,72.206,34.53,6.64,2.3,22-03-2023
82031,Comaster schlegelii,voucher specimen collections,CMLRE,CMLRE,PreservedSpecimen,IO/DV/ECD/00357,IO/DV/ECD/00357,present,urn:lsid:marinespecies.org:taxname:246756,"Kavaratti, Lakshadweep",25,15,11.131,72.717,33.62,5.6,0.64,16-03-2019
82032,Himerometra robustipinna,voucher specimen collections,CMLRE,CMLRE,PreservedSpecimen,IO/DV/ECD/00358,IO/DV/ECD/00358,present,urn:lsid:marinespecies.org:taxname:367877,"Kavaratti, Lakshadweep",6.67,16,10.867,72.167,33.43,7.8,1.57,11-08-2019
82033,Fromia monilis,voucher specimen collections,CMLRE,CMLRE,PreservedSpecimen,IO/DV/ECD/00367,IO/DV/ECD/00367,present,urn:lsid:marinespecies.org:taxname:213301,"Agatti, Lakshadweep",27.58,24,10.861,72.21,34.46,4.69,1.92,04-05-2018
82034,Fromia milleporella,voucher specimen collections,CMLRE,CMLRE,PreservedSpecimen,IO/DV/ECD/00369,IO/DV/ECD/00369,present,urn:lsid:marinespecies.org:taxname:213299,"Agatti, Lakshadweep",21.91,24,10.861,72.21,35.28,2.99,0.23,23-07-2022
82035,Mithrodia clavigera,voucher specimen collections,CMLRE,CMLRE,PreservedSpecimen,IO/DV/ECD/00370,IO/DV/ECD/00370,present,urn:lsid:marinespecies.org:taxname:178200,"Agatti, Lakshadweep",19.68,24,10.861,72.21,33.81,5.65,0.12,19-12-2023
82036,Aquilonastra burtoni,voucher specimen collections,CMLRE,CMLRE,PreservedSpecimen,IO/DV/ECD/00372,IO/DV/ECD/00372,present,urn:lsid:marinespecies.org:taxname:459524,"Agatti, Lakshadweep",26.99,24,10.861,72.21,31.95,4.54,0.18,14-02-2018
82037,Pearsonothuria graeffei,voucher specimen collections,CMLRE,CMLRE,PreservedSpecimen,IO/DV/ECD/00418,IO/DV/ECD/00418,present,urn:lsid:marinespecies.org:taxname:210772,"Agatti, Lakshadweep",20.22,15,10.869,72.206,34.05,5.94,0.73,26-03-2015
82038,Baeolidia moebii,voucher specimen collections,CMLRE,CMLRE,PreservedSpecimen,IO/DV/GAS/00021,IO/DV/GAS/00021,present,urn:lsid:marinespecies.org:taxname:730416,Agatti Island (Lagoon),26.68,10,10.86,72.18,35.98,3.22,0.45,15-07-2022
82039,Baeolidia moebii,voucher specimen collections,CMLRE,CMLRE,PreservedSpecimen,IO/DV/GAS/00022,IO/DV/GAS/00022,present,urn:lsid:marinespecies.org:taxname:730417,Agatti Island (Lagoon),23.72,10,10.86,72.18,30.71,3.99,0.58,31-05-2016
82040,Phyllidia alyta,voucher specimen collections,CMLRE,CMLRE,PreservedSpecimen,IO/DV/GAS/00023,IO/DV/GAS/00023,present,urn:lsid:marinespecies.org:taxname:599550,Agatti Island (Lagoon),8.2,18,10.86,72.18,31.45,6.55,0.7,03-07-2019
82041,Chelidonura hirundinina,voucher specimen collections,CMLRE,CMLRE,PreservedSpecimen,IO/DV/GAS/00024,IO/DV/GAS/00024,present,urn:lsid:marinespecies.org:taxname:420528,Agatti Island (Eatern Jetty),19.24,10,10.86,72.2,30.36,4.38,1.14,06-09-2020
82042,Phyllidiella zeylanica,voucher specimen collections,CMLRE,CMLRE,PreservedSpecimen,IO/DV/GAS/00025,IO/DV/GAS/00025,present,urn:lsid:marinespecies.org:taxname:221070,Agatti Island (Eatern Jetty),21.23,10,10.86,72.2,36.28,6.5,0.84,08-02-2016
82043,Phyllidiella rosans,voucher specimen collections,CMLRE,CMLRE,PreservedSpecimen,IO/DV/GAS/00027,IO/DV/GAS/00027,present,urn:lsid:marinespecies.org:taxname:536695,Outside lagoon (Agatti Island),23.72,15,10.87,72.17,34.42,7.79,2.99,14-07-2023
82044,Phyllidiopsis phiphiensis,voucher specimen collections,CMLRE,CMLRE,PreservedSpecimen,IO/DV/GAS/00028,IO/DV/GAS/00028,present,urn:lsid:marinespecies.org:taxname:536724,Outside lagoon (Agatti Island),21.49,15,10.87,72.17,31.22,5.59,1.15,08-02-2019
82045,Verconia norba,voucher specimen collections,CMLRE,CMLRE,PreservedSpecimen,IO/DV/GAS/00029,IO/DV/GAS/00029,present,urn:lsid:marinespecies.org:taxname:866658,Outside lagoon (Agatti Island),22.1,15,10.87,72.17,32.92,7.19,2.85,03-06-2021
82046,Phyllidia marindica,voucher specimen collections,CMLRE,CMLRE,PreservedSpecimen,IO/DV/GAS/00036,IO/DV/GAS/00036,present,urn:lsid:marinespecies.org:taxname:536579,Agatti Island (western side),26.44,22,10.94,72.22,35.83,5.12,2.73,14-10-2017
82047,Halgerda tessellata,voucher specimen collections,CMLRE,CMLRE,PreservedSpecimen,IO/DV/GAS/00037,IO/DV/GAS/00037,present,urn:lsid:marinespecies.org:taxname:221080,Agatti Island (Solar Point dive site),24.3,28,10.84,72.19,32.71,3.57,1.06,29-09-2015
82048,Phyllidia alyta,voucher specimen collections,CMLRE,CMLRE,PreservedSpecimen,IO/DV/GAS/00045,IO/DV/GAS/00045,present,urn:lsid:marinespecies.org:taxname:599550,Angria Bank,15.85,32,16.21,72.09,32.9,5.41,2.27,07-01-2019
82049,Taringa caudata,voucher specimen collections,CMLRE,CMLRE,PreservedSpecimen,IO/DV/GAS/00046,IO/DV/GAS/00046,present,urn:lsid:marinespecies.org:taxname:599531,Angria Bank,27.7,35,16.24,72.06,34.34,4.08,0.42,26-02-2018
82050,Phyllidia ocellata,voucher specimen collections,CMLRE,CMLRE,PreservedSpecimen,IO/DV/GAS/00047,IO/DV/GAS/00047,present,urn:lsid:marinespecies.org:taxname:536623,Near Eastern jetty (Agatti Island),9.6,15,10.86,72.2,32.26,6.22,0.16,25-05-2019
82051,Diniatys dubia,voucher specimen collections,CMLRE,CMLRE,PreservedSpecimen,IO/DV/GAS/00048,IO/DV/GAS/00048,present,urn:lsid:marinespecies.org:taxname:599460,Agatti Island (Lagoon),23.74,10,10.86,72.18,36.4,7.76,0.49,27-11-2016
82052,Diniatys dubia,voucher specimen collections,CMLRE,CMLRE,PreservedSpecimen,IO/DV/GAS/00049,IO/DV/GAS/00049,present,urn:lsid:marinespecies.org:taxname:599460,Agatti Island (Lagoon),12.83,10,10.86,72.18,34.14,2.39,0.72,07-04-2020
82053,Diniatys dubia,voucher specimen collections,CMLRE,CMLRE,PreservedSpecimen,IO/DV/GAS/00050,IO/DV/GAS/00050,present,urn:lsid:marinespecies.org:taxname:599460,Agatti Island (Lagoon),26.5,10,10.86,72.18,36.83,5.2,2.68,27-10-2016
82054,Pseudobiceros hymanae,voucher specimen collections,CMLRE,CMLRE,PreservedSpecimen,IO/DV/POY/00002,IO/DV/POY/00002,present,urn:lsid:marinespecies.org:taxname:878956,Eastern jetty (Agatti Island),22.13,15,10.87,72.17,32.22,2.88,2.24,04-05-2015
82055,Pseudoceros bicolor,voucher specimen collections,CMLRE,CMLRE,PreservedSpecimen,IO/DV/POY/00004,IO/DV/POY/00004,present,urn:lsid:marinespecies.org:taxname:483942,Eastern jetty (Agatti Island),22.37,15,10.87,72.18,30.18,6.75,1.47,15-12-2023
82056,Pseudoceros bipurpureus,voucher specimen collections,CMLRE,CMLRE,PreservedSpecimen,IO/DV/POY/00028,IO/DV/POY/00028,present,urn:lsid:marinespecies.org:taxname:1498468,"Solar Point, Agatti Island",29.26,32,10.84,72.19,32.7,7.78,0.86,03-11-2022
82057,Alpheus frontalis,voucher specimen collections,CMLRE,CMLRE,PreservedSpecimen,IO/IT/CAR/00123,IO/IT/CAR/00123,present,urn:lsid:marinespecies.org:taxname:210549,"Agatti Island, Lakshadweep",10.34,56,10.83,72.19,33.09,6.68,2.58,10-11-2018
82058,Alpheus lottini,voucher specimen collections,CMLRE,CMLRE,PreservedSpecimen,IO/IT/CAR/00124,IO/IT/CAR/00124,present,urn:lsid:marinespecies.org:taxname:210544,"Agatti Island, Lakshadweep",17.64,71,10.83,72.19,36.97,5.13,2.1,24-12-2019
82059,Alpheus sp.,voucher specimen collections,CMLRE,CMLRE,PreservedSpecimen,IO/IT/CAR/00125,IO/IT/CAR/00125,present,urn:lsid:marinespecies.org:taxname:106978,"Agatti Island, Lakshadweep",28.68,61,10.83,72.19,34.88,5.67,0.73,26-04-2023
82060,Hymenocera picta,voucher specimen collections,CMLRE,CMLRE,PreservedSpecimen,IO/IT/CAR/00126,IO/IT/CAR/00126,present,urn:lsid:marinespecies.org:taxname:210554,"Agatti Island, Lakshadweep",23.04,62,10.83,72.19,35.6,7.67,1.47,12-09-2015
82061,Echinothrix calamaris,voucher specimen collections,CMLRE,CMLRE,PreservedSpecimen,IO/IT/ECD/00142,IO/IT/ECD/00142,present,urn:lsid:marinespecies.org:taxname:213377,"Agatti, Lakshadweep",25.27,278,10.5,73,35.7,2.44,0.28,19-06-2023
82062,Tripneustes gratilla,voucher specimen collections,CMLRE,CMLRE,PreservedSpecimen,IO/IT/ECD/00160,IO/IT/ECD/00160,present,urn:lsid:marinespecies.org:taxname:212453,"Agatti, Lakshadweep",22.9,160,10.844529,72.18395,35.95,3.51,1.26,07-04-2021
82063,Macrophiothrix longipeda,voucher specimen collections,CMLRE,CMLRE,PreservedSpecimen,IO/IT/ECD/00195,IO/IT/ECD/00195,present,urn:lsid:marinespecies.org:taxname:213195,"Kavaratti, Lakshadweep",28.01,332,10.559824,72.627216,30.59,7.68,2.12,21-01-2022
82064,Macrophiothrix demessa,voucher specimen collections,CMLRE,CMLRE,PreservedSpecimen,IO/IT/ECD/00196,IO/IT/ECD/00196,present,urn:lsid:marinespecies.org:taxname:213193,"Kavaratti, Lakshadweep",27.47,337,10.559824,72.627216,33.56,7.53,2.85,05-05-2015
82065,Fromia milleporella,voucher specimen collections,CMLRE,CMLRE,PreservedSpecimen,IO/IT/ECD/00221,IO/IT/ECD/00221,present,urn:lsid:marinespecies.org:taxname:213299,"Agatti, Lakshadweep",6.23,337,10.844529,72.18395,32.95,4.25,1.39,15-11-2022
82066,Linckia laevigata,voucher specimen collections,CMLRE,CMLRE,PreservedSpecimen,IO/IT/ECD/00222,IO/IT/ECD/00222,present,urn:lsid:marinespecies.org:taxname:207610,"Agatti, Lakshadweep",27.28,395,10.844529,72.18395,36.75,2.68,0.1,24-09-2019
82067,Ophiocoma cynthiae,voucher specimen collections,CMLRE,CMLRE,PreservedSpecimen,IO/IT/ECD/00229,IO/IT/ECD/00229,present,urn:lsid:marinespecies.org:taxname:382770,"Agatti, Lakshadweep",24.22,337,10.8455,72.1891,33.01,5.55,1.54,07-09-2022
82068,Ophiocoma cynthiae,voucher specimen collections,CMLRE,CMLRE,PreservedSpecimen,IO/IT/ECD/00230,IO/IT/ECD/00230,present,urn:lsid:marinespecies.org:taxname:382770,"Agatti, Lakshadweep",27.23,957,10.845,72.188,36.22,3.67,1.59,09-07-2015
82069,Echinometra mathaei,voucher specimen collections,CMLRE,CMLRE,PreservedSpecimen,IO/IT/ECD/00231,IO/IT/ECD/00231,present,urn:lsid:marinespecies.org:taxname:213383,"Agatti, Lakshadweep",19.34,957,10.8455,72.1891,34.84,4.79,0.6,16-09-2023
82070,Ophiomoeris obstricta,voucher specimen collections,CMLRE,CMLRE,PreservedSpecimen,IO/IT/ECD/00234,IO/IT/ECD/00234,present,urn:lsid:marinespecies.org:taxname:243791,"Kavaratti, Lakshadweep",22.33,580,10.547,72.64,30.68,5.33,1.45,24-03-2017
82071,Ophiomoeris obstricta,voucher specimen collections,CMLRE,CMLRE,PreservedSpecimen,IO/IT/ECD/00235,IO/IT/ECD/00235,present,urn:lsid:marinespecies.org:taxname:243791,"Kavaratti, Lakshadweep",21.43,576,10.547,72.64,31.55,7.95,2.9,28-02-2019
82072,Heterocentrotus mamillatus,voucher specimen collections,CMLRE,CMLRE,PreservedSpecimen,IO/IT/ECD/00236,IO/IT/ECD/00236,present,urn:lsid:marinespecies.org:taxname:568045,"Agatti, Lakshadweep",25.53,838,10.8779,72.2038,31.68,6.8,2.9,11-10-2023
82073,Echinothrix diadema,voucher specimen collections,CMLRE,CMLRE,PreservedSpecimen,IO/IT/ECD/00237,IO/IT/ECD/00237,present,urn:lsid:marinespecies.org:taxname:213378,"Agatti, Lakshadweep",14.19,957,10.849,72.188,33.41,7.39,0.84,30-03-2015
82074,Diadema savignyi,voucher specimen collections,CMLRE,CMLRE,PreservedSpecimen,IO/IT/ECD/00238,IO/IT/ECD/00238,present,urn:lsid:marinespecies.org:taxname:213375,"Agatti, Lakshadweep",14.71,957,10.849,72.188,32.64,4.83,0.87,09-02-2017
82075,Tripneustes gratilla,voucher specimen collections,CMLRE,CMLRE,PreservedSpecimen,IO/IT/ECD/00239,IO/IT/ECD/00239,present,urn:lsid:marinespecies.org:taxname:212453,"Agatti, Lakshadweep",22.94,957,10.8455,72.1891,34.34,5.6,2.52,07-03-2019
82076,Breviturma dentata,voucher specimen collections,CMLRE,CMLRE,PreservedSpecimen,IO/IT/ECD/00240,IO/IT/ECD/00240,present,urn:lsid:marinespecies.org:taxname:1214745,"Agatti, Lakshadweep",4.61,957,10.8455,72.1891,34.59,6.86,0.46,03-08-2018
82077,Asteropsis carinifera,voucher specimen collections,CMLRE,CMLRE,PreservedSpecimen,IO/IT/ECD/00242,IO/IT/ECD/00242,present,urn:lsid:marinespecies.org:taxname:213177,"Agatti, Lakshadweep",20.66,213,10.849,72.188,32.27,7.56,2.73,17-06-2019
82078,Linckia laevigata,voucher specimen collections,CMLRE,CMLRE,PreservedSpecimen,IO/IT/ECD/00243,IO/IT/ECD/00243,present,urn:lsid:marinespecies.org:taxname:207610,"Agatti, Lakshadweep",22.2,213,10.849,72.188,35.01,4.53,0.89,08-05-2020
82079,Toxopneustes pileolus,voucher specimen collections,CMLRE,CMLRE,PreservedSpecimen,IO/IT/ECD/00260,IO/IT/ECD/00260,present,urn:lsid:marinespecies.org:taxname:212449,"Agatti, Lakshadweep",25.63,271,10.8455,72.1891,34.38,2.6,2.58,21-11-2020
82080,Breviturma dentata,voucher specimen collections,CMLRE,CMLRE,PreservedSpecimen,IO/IT/ECD/00268,IO/IT/ECD/00268,present,urn:lsid:marinespecies.org:taxname:1214745,"Agatti, Lakshadweep",17.88,271,10.849,72.188,30.2,4.18,1.75,14-10-2015
82081,Breviturma dentata,voucher specimen collections,CMLRE,CMLRE,PreservedSpecimen,IO/IT/ECD/00274,IO/IT/ECD/00274,present,urn:lsid:marinespecies.org:taxname:1214745,"Kavaratti, Lakshadweep",24.08,535,10.56111,72.64722,36.72,3.46,1,20-01-2018
82082,Breviturma brevipes,voucher specimen collections,CMLRE,CMLRE,PreservedSpecimen,IO/IT/ECD/00275,IO/IT/ECD/00275,present,urn:lsid:marinespecies.org:taxname:1214744,"Kiltan, Lakshadweep",22.19,635,11.48222,73.00917,36.65,6.11,2.22,27-01-2023
82083,Culcita schmideliana,voucher specimen collections,CMLRE,CMLRE,PreservedSpecimen,IO/IT/ECD/00276,IO/IT/ECD/00276,present,urn:lsid:marinespecies.org:taxname:212295,"Amini, Lakshadweep",19.71,635,11.11889,72.71083,34.72,5.86,1.21,25-09-2016
82084,Breviturma dentata,voucher specimen collections,CMLRE,CMLRE,PreservedSpecimen,IO/IT/ECD/00334,IO/IT/ECD/00334,present,urn:lsid:marinespecies.org:taxname:1214745,"Agatti, Lakshadweep",20.17,646,10.8455,72.1891,33.96,5.9,1.44,20-03-2018
82085,Echinothrix diadema,voucher specimen collections,CMLRE,CMLRE,PreservedSpecimen,IO/IT/ECD/00335,IO/IT/ECD/00335,present,urn:lsid:marinespecies.org:taxname:213378,"Agatti, Lakshadweep",24.73,957,10.8455,72.1891,31.55,7.93,2.05,03-06-2023
82086,Diadema savignyi,voucher specimen collections,CMLRE,CMLRE,PreservedSpecimen,IO/IT/ECD/00363,IO/IT/ECD/00363,present,urn:lsid:marinespecies.org:taxname:213375,"Agatti, Lakshadweep",18.28,957,10.8455,72.1891,34.18,7.98,0.46,27-02-2018
82087,Linckia guildingi,voucher specimen collections,CMLRE,CMLRE,PreservedSpecimen,IO/IT/ECD/00368,IO/IT/ECD/00368,present,urn:lsid:marinespecies.org:taxname:207607,"Agatti, Lakshadweep",21.63,957,10.844529,72.18395,33.44,2.78,0.48,23-07-2023
82088,Breviturma pica,voucher specimen collections,CMLRE,CMLRE,PreservedSpecimen,IO/IT/ECD/00371,IO/IT/ECD/00371,present,urn:lsid:marinespecies.org:taxname:1306674,"Agatti, Lakshadweep",21.2,957,10.844529,72.18395,30.65,4.8,2,29-05-2021
82089,Aquilonastra burtoni,voucher specimen collections,CMLRE,CMLRE,PreservedSpecimen,IO/IT/ECD/00382,IO/IT/ECD/00382,present,urn:lsid:marinespecies.org:taxname:459524,Mumbai,27.68,957,18.94242,72.79306,34.67,3.83,1.46,15-04-2022
82090,Macrophiothrix speciosa,voucher specimen collections,CMLRE,CMLRE,PreservedSpecimen,IO/IT/ECD/00383,IO/IT/ECD/00383,present,urn:lsid:marinespecies.org:taxname:243308,Mumbai,26.49,957,18.94242,72.79306,36.78,5.34,0.01,09-08-2022
82091,Amphipholis squamata,voucher specimen collections,CMLRE,CMLRE,PreservedSpecimen,IO/IT/ECD/00429,IO/IT/ECD/00429,present,urn:lsid:marinespecies.org:taxname:125064,"Kavaratti, Lakshadweep",21.78,362,10.57,72.64,35.53,6.41,2.19,23-11-2015
82092,Pleurobranchus peronii,voucher specimen collections,CMLRE,CMLRE,PreservedSpecimen,IO/IT/GAS/00026,IO/IT/GAS/00026,present,urn:lsid:marinespecies.org:taxname:599477,Eastern jetty (Agatti Island),18.6,299,10.86,72.2,36.25,4.26,1.02,12-03-2023
82093,Dolabrifera dolabrifera,voucher specimen collections,CMLRE,CMLRE,PreservedSpecimen,IO/IT/GAS/00030,IO/IT/GAS/00030,present,urn:lsid:marinespecies.org:taxname:224652,Eastern jetty (Agatti Island),26.24,328,10.86,72.2,32.21,7.82,1.53,08-11-2021
82094,Peltodoris murrea,voucher specimen collections,CMLRE,CMLRE,PreservedSpecimen,IO/IT/GAS/00031,IO/IT/GAS/00031,present,urn:lsid:marinespecies.org:taxname:578708,Eastern jetty (Agatti Island),22.49,300,10.86,72.2,31.14,2.7,0.95,18-04-2020
82095,Pleurobranchus grandis,voucher specimen collections,CMLRE,CMLRE,PreservedSpecimen,IO/IT/GAS/00032,IO/IT/GAS/00032,present,urn:lsid:marinespecies.org:taxname:599475,CMLRE hatchery (Agatti Island),7.32,300,10.84,72.18,34.29,6.61,2.57,12-05-2019
82096,Pleurobranchus forskalii,voucher specimen collections,CMLRE,CMLRE,PreservedSpecimen,IO/IT/GAS/00033,IO/IT/GAS/00033,present,urn:lsid:marinespecies.org:taxname:140819,Opposite Solar power Plant (Agatti Island),27.34,213,10.83,72.19,34.07,3.68,1.94,19-07-2018
82097,Plakobranchus ocellatus,voucher specimen collections,CMLRE,CMLRE,PreservedSpecimen,IO/IT/GAS/00034,IO/IT/GAS/00034,present,urn:lsid:marinespecies.org:taxname:451657,Eastern jetty (Agatti Island),8.77,213,10.86,72.2,34.44,6.62,2.63,19-02-2023
82098,Dendrodoris nigra,voucher specimen collections,CMLRE,CMLRE,PreservedSpecimen,IO/IT/GAS/00035,IO/IT/GAS/00035,present,urn:lsid:marinespecies.org:taxname:139519,Eastern jetty (Agatti Island),21.34,271,10.86,72.2,31.43,7.71,2.93,15-01-2015
82099,Phestilla lugubris,voucher specimen collections,CMLRE,CMLRE,PreservedSpecimen,IO/IT/GAS/00038,IO/IT/GAS/00038,present,urn:lsid:marinespecies.org:taxname:536542,Opposite Solar power Plant (Agatti Island),19.93,535,10.83,72.19,31.43,5.05,1.4,27-07-2019
82100,Stylocheilus striatus,voucher specimen collections,CMLRE,CMLRE,PreservedSpecimen,IO/IT/GAS/00039,IO/IT/GAS/00039,present,urn:lsid:marinespecies.org:taxname:224662,Opposite Solar power Plant (Agatti Island),28.26,535,10.83,72.19,34.14,7.59,2.14,27-09-2021
82101,Dendrodoris nigra,voucher specimen collections,CMLRE,CMLRE,PreservedSpecimen,IO/IT/GAS/00040,IO/IT/GAS/00040,present,urn:lsid:marinespecies.org:taxname:139519,Eastern jetty (Agatti Island),28.08,328,10.86,72.2,35.7,5.43,2.4,04-04-2018
82102,Phestilla lugubris,voucher specimen collections,CMLRE,CMLRE,PreservedSpecimen,IO/IT/GAS/00041,IO/IT/GAS/00041,present,urn:lsid:marinespecies.org:taxname:536542,Opposite Solar power Plant (Agatti Island),26.65,328,10.83,72.19,33.8,3.69,1.47,12-04-2015
82103,Stylocheilus striatus,voucher specimen collections,CMLRE,CMLRE,PreservedSpecimen,IO/IT/GAS/00042,IO/IT/GAS/00042,present,urn:lsid:marinespecies.org:taxname:224662,Opposite Solar power Plant (Agatti Island),20.23,332,10.83,72.19,33.7,6.1,1.46,26-08-2019
82104,Thuridilla gracilis,voucher specimen collections,CMLRE,CMLRE,PreservedSpecimen,IO/IT/GAS/00043,IO/IT/GAS/00043,present,urn:lsid:marinespecies.org:taxname:494494,Eastern jetty (Agatti Island),20.74,32,10.86,72.2,36.6,5.16,1.88,26-08-2022
82105,Berthellina delicata,voucher specimen collections,CMLRE,CMLRE,PreservedSpecimen,IO/IT/GAS/00044,IO/IT/GAS/00044,present,urn:lsid:marinespecies.org:taxname:863427,CMLRE hatchery (Agatti Island),26.35,944,10.84,72.18,32.94,2.54,1.34,15-12-2015
82106,Lepidonotus cristatus,voucher specimen collections,CMLRE,CMLRE,PreservedSpecimen,IO/IT/POL/00696,IO/IT/POL/00696,present,urn:lsid:marinespecies.org:taxname:209659,Agatti Island,11.5,957,10.84,72.18,32.65,7.11,1.03,13-12-2019
82107,Iphione muricata,voucher specimen collections,CMLRE,CMLRE,PreservedSpecimen,IO/IT/POL/00697,IO/IT/POL/00697,present,urn:lsid:marinespecies.org:taxname:209637,Agatti Island,20.21,610,10.84,72.18,35.66,7.73,2,05-10-2017
82108,Iphione ovata,voucher specimen collections,CMLRE,CMLRE,PreservedSpecimen,IO/IT/POL/00698,IO/IT/POL/00698,present,urn:lsid:marinespecies.org:taxname:333675,Agatti Island,15,308,10.84,72.18,30.52,3.23,0.44,28-10-2015
82109,Protodorvillea egena,voucher specimen collections,CMLRE,CMLRE,PreservedSpecimen,IO/IT/POL/00699,IO/IT/POL/00699,present,urn:lsid:marinespecies.org:taxname:209857,Agatti Island,21,957,10.84,72.18,31.61,5.79,0.67,09-02-2018
82110,Glycera lancadivae,voucher specimen collections,CMLRE,CMLRE,PreservedSpecimen,IO/IT/POL/00700,IO/IT/POL/00700,present,urn:lsid:marinespecies.org:taxname:209813,Agatti Island,2.84,1245,10.84,72.18,33.25,3.82,2.22,06-09-2016
82111,Glycera benguellana,voucher specimen collections,CMLRE,CMLRE,PreservedSpecimen,IO/IT/POL/00701,IO/IT/POL/00701,present,urn:lsid:marinespecies.org:taxname:333497,Agatti Island,16.09,550,10.84,72.18,31.39,6.51,2.12,30-04-2021
82112,Glycera papillosa,voucher specimen collections,CMLRE,CMLRE,PreservedSpecimen,IO/IT/POL/00702,IO/IT/POL/00702,present,urn:lsid:marinespecies.org:taxname:157393,Agatti Island,18.38,643,10.84,72.18,31.41,2.78,1.11,21-04-2022
82113,Glycera tesselata,voucher specimen collections,CMLRE,CMLRE,PreservedSpecimen,IO/IT/POL/00703,IO/IT/POL/00703,present,urn:lsid:marinespecies.org:taxname:130128,Agatti Island,17.97,643,10.84,72.18,34.02,2.44,0.96,04-07-2016
82114,Podarkeopsis capensis,voucher specimen collections,CMLRE,CMLRE,PreservedSpecimen,IO/IT/POL/00704,IO/IT/POL/00704,present,urn:lsid:marinespecies.org:taxname:130195,Agatti Island,25.43,654,10.84,72.18,30.68,7.38,1.68,31-07-2017
82115,Onuphis holobranchiata,voucher specimen collections,CMLRE,CMLRE,PreservedSpecimen,IO/IT/POL/00705,IO/IT/POL/00705,present,urn:lsid:marinespecies.org:taxname:209841,Agatti Island,13.76,654,10.84,72.18,32.4,2.87,1.94,11-02-2023
82116,Namanereis,voucher specimen collections,CMLRE,CMLRE,PreservedSpecimen,IO/IT/POL/00706,IO/IT/POL/00706,present,urn:lsid:marinespecies.org:taxname:129377,Agatti Island,18.26,777,10.84,72.18,34.88,2.6,2.61,13-01-2018
82117,Platynereis,voucher specimen collections,CMLRE,CMLRE,PreservedSpecimen,IO/IT/POL/00707,IO/IT/POL/00707,present,urn:lsid:marinespecies.org:taxname:129381,Agatti Island,21.83,645,10.84,72.18,32.69,4.31,2.5,20-05-2019
82118,Eurythoe,voucher specimen collections,CMLRE,CMLRE,PreservedSpecimen,IO/IT/POL/00708,IO/IT/POL/00708,present,urn:lsid:marinespecies.org:taxname:129186,Agatti Island,19.15,655,10.84,72.18,30.7,7.87,0.25,21-04-2021
82119,Novafabricia,voucher specimen collections,CMLRE,CMLRE,PreservedSpecimen,IO/IT/POL/00709,IO/IT/POL/00709,present,urn:lsid:marinespecies.org:taxname:129539,Agatti Island,21.74,449,10.84,72.18,32.33,6.67,1.4,24-10-2020
82120,Chone filicaudata,voucher specimen collections,CMLRE,CMLRE,PreservedSpecimen,IO/IT/POL/00710,IO/IT/POL/00710,present,urn:lsid:marinespecies.org:taxname:130890,Agatti Island,19.14,326,10.84,72.18,36.31,4.52,0.78,23-04-2023
82121,Chone letterstedti,voucher specimen collections,CMLRE,CMLRE,PreservedSpecimen,IO/IT/POL/00711,IO/IT/POL/00711,present,urn:lsid:marinespecies.org:taxname:332681,Agatti Island,24.9,449,10.84,72.18,32.91,2.25,1.01,20-01-2023
82122,Phyllodoce malmgreni,voucher specimen collections,CMLRE,CMLRE,PreservedSpecimen,IO/IT/POL/00712,IO/IT/POL/00712,present,urn:lsid:marinespecies.org:taxname:130678,Agatti Island,25.42,610,10.84,72.18,36.71,4.41,2.14,11-01-2018
82123,Podarkeopsis,voucher specimen collections,CMLRE,CMLRE,PreservedSpecimen,IO/IT/POL/00713,IO/IT/POL/00713,present,urn:lsid:marinespecies.org:taxname:129319,Agatti Island,28.41,275,10.84,72.18,31.17,5.47,0.72,16-02-2023
82124,Notomastus aberans,voucher specimen collections,CMLRE,CMLRE,PreservedSpecimen,IO/IT/POL/00714,IO/IT/POL/00714,present,urn:lsid:marinespecies.org:taxname:129894,Agatti Island,18.04,275,10.84,72.18,33.41,2.4,2.02,09-06-2021
82125,Mediomastus,voucher specimen collections,CMLRE,CMLRE,PreservedSpecimen,IO/IT/POL/00715,IO/IT/POL/00715,present,urn:lsid:marinespecies.org:taxname:129218,Agatti Island,28.64,32,10.84,72.18,30.4,2.36,1.03,04-11-2016
82126,Paradoneis lyra,voucher specimen collections,CMLRE,CMLRE,PreservedSpecimen,IO/IT/POL/00716,IO/IT/POL/00716,present,urn:lsid:marinespecies.org:taxname:130585,Agatti Island,29.11,610,10.84,72.18,32.45,5.84,0.79,08-08-2022
82127,Euclymene,voucher specimen collections,CMLRE,CMLRE,PreservedSpecimen,IO/IT/POL/00717,IO/IT/POL/00717,present,urn:lsid:marinespecies.org:taxname:129347,Agatti Island,4.67,507,10.84,72.18,31.8,4.51,0.03,23-10-2015
82128,Lumbrineris latreilli,voucher specimen collections,CMLRE,CMLRE,PreservedSpecimen,IO/IT/POL/00718,IO/IT/POL/00718,present,urn:lsid:marinespecies.org:taxname:130248,Agatti Island,23.84,507,10.84,72.18,34.49,5.74,1.97,29-11-2020
82129,Lumbrineris meteorana,voucher specimen collections,CMLRE,CMLRE,PreservedSpecimen,IO/IT/POL/00719,IO/IT/POL/00719,present,urn:lsid:marinespecies.org:taxname:333902,Agatti Island,20.51,449,10.84,72.18,34.33,7.4,1.48,19-10-2015
82130,Pisione brevicirra,voucher specimen collections,CMLRE,CMLRE,PreservedSpecimen,IO/IT/POL/00720,IO/IT/POL/00720,present,urn:lsid:marinespecies.org:taxname:335124,Agatti Island,28.88,449,10.84,72.18,32.76,4.73,1.53,21-09-2015
82131,Ctenodrilus serratus,voucher specimen collections,CMLRE,CMLRE,PreservedSpecimen,IO/IT/POL/00721,IO/IT/POL/00721,present,urn:lsid:marinespecies.org:taxname:129989,Agatti Island,28.14,332,10.84,72.18,30.35,3.29,1.39,20-03-2020
82132,Polycirrus,voucher specimen collections,CMLRE,CMLRE,PreservedSpecimen,IO/IT/POL/00722,IO/IT/POL/00722,present,urn:lsid:marinespecies.org:taxname:129710,Agatti Island,28.95,105,10.84,72.18,32.55,6.83,1.15,27-12-2015
82133,Caulleriella bioculata,voucher specimen collections,CMLRE,CMLRE,PreservedSpecimen,IO/IT/POL/00723,IO/IT/POL/00723,present,urn:lsid:marinespecies.org:taxname:129944,Agatti Island,20.76,105,10.84,72.18,34.61,6.5,1.01,21-07-2017
82134,Poecilochaetus serpens,voucher specimen collections,CMLRE,CMLRE,PreservedSpecimen,IO/IT/POL/00724,IO/IT/POL/00724,present,urn:lsid:marinespecies.org:taxname:130711,Agatti Island,23.67,275,10.84,72.18,31.25,2.84,2.48,29-03-2018
82135,Chrysopetalum debile,voucher specimen collections,CMLRE,CMLRE,PreservedSpecimen,IO/IT/POL/00725,IO/IT/POL/00725,present,urn:lsid:marinespecies.org:taxname:129927,Agatti Island,20.79,275,10.84,72.18,33.6,2.31,1.41,29-09-2020
82136,Polyophthalmus,voucher specimen collections,CMLRE,CMLRE,PreservedSpecimen,IO/IT/POL/00726,IO/IT/POL/00726,present,urn:lsid:marinespecies.org:taxname:129415,Agatti Island,22.63,390,10.84,72.18,33.45,7.41,2.03,18-08-2023
82137,Tachytrypane,voucher specimen collections,CMLRE,CMLRE,PreservedSpecimen,IO/IT/POL/00727,IO/IT/POL/00727,present,urn:lsid:marinespecies.org:taxname:129416,Agatti Island,21.62,402,10.84,72.18,32.72,3.77,0.75,22-06-2015
82138,Saccocirrus,voucher specimen collections,CMLRE,CMLRE,PreservedSpecimen,IO/IT/POL/00728,IO/IT/POL/00728,present,urn:lsid:marinespecies.org:taxname:129550,Agatti Island,14.8,550,10.84,72.18,32.42,2.47,1.45,26-04-2021
82139,Polygordius,voucher specimen collections,CMLRE,CMLRE,PreservedSpecimen,IO/IT/POL/00729,IO/IT/POL/00729,present,urn:lsid:marinespecies.org:taxname:129472,Agatti Island,23.95,944,10.84,72.18,36.45,2.91,1.73,15-01-2020
82140,Naineris setosa,voucher specimen collections,CMLRE,CMLRE,PreservedSpecimen,IO/IT/POL/00730,IO/IT/POL/00730,present,urn:lsid:marinespecies.org:taxname:334062,Agatti Island,23.92,540,10.84,72.18,35.59,4.76,2.01,17-08-2023
82141,Aonides,voucher specimen collections,CMLRE,CMLRE,PreservedSpecimen,IO/IT/POL/00731,IO/IT/POL/00731,present,urn:lsid:marinespecies.org:taxname:129605,Agatti Island,6.47,645,10.84,72.18,33.89,7.89,0.93,23-11-2018
82142,Scolelepis,voucher specimen collections,CMLRE,CMLRE,PreservedSpecimen,IO/IT/POL/00732,IO/IT/POL/00732,present,urn:lsid:marinespecies.org:taxname:129623,Agatti Island,22.28,645,10.84,72.18,30.78,4.82,1.63,26-05-2015
82143,Lysidice unicornis,voucher specimen collections,CMLRE,CMLRE,PreservedSpecimen,IO/IT/POL/00733,IO/IT/POL/00733,present,urn:lsid:marinespecies.org:taxname:742232,Agatti Island,25.52,214,10.84,72.18,36.19,7.16,2.1,04-01-2023
82144,Prionospio cerastae,voucher specimen collections,CMLRE,CMLRE,PreservedSpecimen,IO/IT/POL/00734,IO/IT/POL/00734,present,urn:lsid:marinespecies.org:taxname:867787,Agatti Island,19.39,214,10.84,72.18,35.79,6.31,2.2,08-08-2023
82145,Laonice cirrata,voucher specimen collections,CMLRE,CMLRE,PreservedSpecimen,IO/IT/POL/00735,IO/IT/POL/00735,present,urn:lsid:marinespecies.org:taxname:131128,Agatti Island,27.23,278,10.84,72.18,32.87,7.71,0.12,11-06-2016
82146,Armandia intermedia,voucher specimen collections,CMLRE,CMLRE,PreservedSpecimen,IO/IT/POL/00736,IO/IT/POL/00736,present,urn:lsid:marinespecies.org:taxname:209885,Agatti Island,22.04,278,10.84,72.18,36.5,7.79,1.11,14-02-2020
82147,Spiochaetopterus,voucher specimen collections,CMLRE,CMLRE,PreservedSpecimen,IO/IT/POL/00737,IO/IT/POL/00737,present,urn:lsid:marinespecies.org:taxname:129233,Agatti Island,24.33,1420,10.84,72.18,30.29,4.11,2.79,10-11-2016
82148,Pionosyllis,voucher specimen collections,CMLRE,CMLRE,PreservedSpecimen,IO/IT/POL/00738,IO/IT/POL/00738,present,urn:lsid:marinespecies.org:taxname:129669,Agatti Island,19.01,1338,10.84,72.18,34.29,7.22,2.45,08-04-2016
82149,Exogone,voucher specimen collections,CMLRE,CMLRE,PreservedSpecimen,IO/IT/POL/00739,IO/IT/POL/00739,present,urn:lsid:marinespecies.org:taxname:129654,Agatti Island,29.58,1060,10.84,72.18,35.32,5.59,0.77,31-10-2023
82150,Sphaerosyllis,voucher specimen collections,CMLRE,CMLRE,PreservedSpecimen,IO/IT/POL/00740,IO/IT/POL/00740,present,urn:lsid:marinespecies.org:taxname:129677,Agatti Island,26.02,1275,10.84,72.18,34.71,2.76,2.08,13-06-2021
82151,Syllis cornuta,voucher specimen collections,CMLRE,CMLRE,PreservedSpecimen,IO/IT/POL/00741,IO/IT/POL/00741,present,urn:lsid:marinespecies.org:taxname:157583,Agatti Island,23.82,449,10.84,72.18,35,3.72,0.05,22-10-2015
82152,Dorvillea,voucher specimen collections,CMLRE,CMLRE,PreservedSpecimen,IO/IT/POL/00742,IO/IT/POL/00742,present,urn:lsid:marinespecies.org:taxname:129261,Agatti Island,20.78,265,10.84,72.18,34.57,3.65,1.67,19-01-2015
82153,Ampharete agulhasensis,voucher specimen collections,CMLRE,CMLRE,PreservedSpecimen,IO/IT/POL/00743,IO/IT/POL/00743,present,urn:lsid:marinespecies.org:taxname:332926,Agatti Island,19.85,323,10.84,72.18,35.6,6.55,0.21,09-09-2017
82154,Scoloplos,voucher specimen collections,CMLRE,CMLRE,PreservedSpecimen,IO/IT/POL/00744,IO/IT/POL/00744,present,urn:lsid:marinespecies.org:taxname:129425,Agatti Island,27.69,400,10.84,72.18,36.14,6.81,0.79,06-04-2017
82155,Pseudexogone,voucher specimen collections,CMLRE,CMLRE,PreservedSpecimen,IO/IT/POL/00745,IO/IT/POL/00745,present,urn:lsid:marinespecies.org:taxname:325057,Agatti Island,16.05,400,10.84,72.18,32.75,3.14,0.67,08-05-2018
82156,Halosydna,voucher specimen collections,CMLRE,CMLRE,PreservedSpecimen,IO/IT/POL/00746,IO/IT/POL/00746,present,urn:lsid:marinespecies.org:taxname:152404,Agatti Island,21.93,400,10.84,72.18,32.04,7.19,1.56,03-09-2016
82157,Pseudobiceros apricus,voucher specimen collections,CMLRE,CMLRE,PreservedSpecimen,IO/IT/POY/00001,IO/IT/POY/00001,present,urn:lsid:marinespecies.org:taxname:878947,Eastern jetty (Agatti Island),20.37,400,10.88,72.2,30.05,5.58,0.4,11-10-2016
82158,Pseudoceros bolool,voucher specimen collections,CMLRE,CMLRE,PreservedSpecimen,IO/IT/POY/00003,IO/IT/POY/00003,present,urn:lsid:marinespecies.org:taxname:878912,Eastern jetty (Agatti Island),21.65,400,10.88,72.17,36.57,6.3,1.75,30-09-2018
82159,Pseudoceros agattiensis,voucher specimen collections,CMLRE,CMLRE,PreservedSpecimen,IO/IT/POY/00005,IO/IT/POY/00005,present,urn:lsid:marinespecies.org:taxname:1439581,Eastern jetty (Agatti Island),23.73,400,10.02,72.2,30.63,7.8,1.12,11-02-2016
82160,Pseudoceros stellans,voucher specimen collections,CMLRE,CMLRE,PreservedSpecimen,IO/IT/POY/00006,IO/IT/POY/00006,present,urn:lsid:marinespecies.org:taxname:1439582,Eastern jetty (Agatti Island),21.16,514,10,72.18,31.91,3.98,0.31,11-09-2019
82161,Pseudoceros paralaticlavus,voucher specimen collections,CMLRE,CMLRE,PreservedSpecimen,IO/IT/POY/00007,IO/IT/POY/00007,present,urn:lsid:marinespecies.org:taxname:878936,Eastern jetty (Agatti Island),28.03,1154,10.86,72.2,32.14,7.06,1.95,26-06-2019
82162,Pseudobiceros hancockanus,voucher specimen collections,CMLRE,CMLRE,PreservedSpecimen,IO/IT/POY/00008,IO/IT/POY/00008,present,urn:lsid:marinespecies.org:taxname:879578,Eastern jetty (Agatti Island),28.54,1154,10.86,72.2,35.64,5.05,1.43,21-06-2015
82163,Pseudoceros duplicinctus,voucher specimen collections,CMLRE,CMLRE,PreservedSpecimen,IO/IT/POY/00009,IO/IT/POY/00009,present,urn:lsid:marinespecies.org:taxname:1353946,"CMLRE hatchery (Agatti Issland, eastern side)",22.32,785,10.85,72.19,30.36,2.62,2.97,15-12-2015
82164,Pseudoceros bolool,voucher specimen collections,CMLRE,CMLRE,PreservedSpecimen,IO/IT/POY/00010,IO/IT/POY/00010,present,urn:lsid:marinespecies.org:taxname:878912,Eastern jetty (Agatti Island),8.51,785,10.86,72.2,32.83,5.16,2.95,11-07-2015
82165,Pseudobiceros hancockanus,voucher specimen collections,CMLRE,CMLRE,PreservedSpecimen,IO/IT/POY/00011,IO/IT/POY/00011,present,urn:lsid:marinespecies.org:taxname:879578,Eastern jetty (Agatti Island),26.15,409,10.86,72.2,35.58,4.42,1.05,20-12-2022
82166,Pseudoceros bolool,voucher specimen collections,CMLRE,CMLRE,PreservedSpecimen,IO/IT/POY/00012,IO/IT/POY/00012,present,urn:lsid:marinespecies.org:taxname:878912,NIOT Plant (Agatti Island),25.28,409,10.86,72.2,31.21,4.22,1.38,21-12-2020
82167,Acanthozoon fuscobulbosum,voucher specimen collections,CMLRE,CMLRE,PreservedSpecimen,IO/IT/POY/00013,IO/IT/POY/00013,present,urn:lsid:marinespecies.org:taxname:1439569,NIOT Plant (Agatti Island),28.17,238,10.86,72.2,31.27,2.14,1.36,08-05-2020
82168,Pseudobiceros stellae,voucher specimen collections,CMLRE,CMLRE,PreservedSpecimen,IO/IT/POY/00014,IO/IT/POY/00014,present,urn:lsid:marinespecies.org:taxname:878962,NIOT Plant (Agatti Island),5.82,402,10.86,72.2,36.42,2.65,0.9,14-11-2019
82169,Pseudoceros galatheensis,voucher specimen collections,CMLRE,CMLRE,PreservedSpecimen,IO/IT/POY/00015,IO/IT/POY/00015,present,urn:lsid:marinespecies.org:taxname:1262325,Opposite Solar power Plant (Agatti Island),19.72,404,10.83,72.19,34.65,5.41,2.42,22-12-2016
82170,Pseudobiceros damawan,voucher specimen collections,CMLRE,CMLRE,PreservedSpecimen,IO/IT/POY/00016,IO/IT/POY/00016,present,urn:lsid:marinespecies.org:taxname:878949,Opposite Solar power Plant (Agatti Island),27.88,404,10.83,72.19,35.01,5.85,1.52,02-10-2017
82171,Pseudobiceros hancockanus,voucher specimen collections,CMLRE,CMLRE,PreservedSpecimen,IO/IT/POY/00017,IO/IT/POY/00017,present,urn:lsid:marinespecies.org:taxname:879578,Opposite stadium (Agatti Island),17.84,98,10.85,72.19,33.01,4.24,0.42,10-12-2019
82172,Pseudoceros duplicinctus,voucher specimen collections,CMLRE,CMLRE,PreservedSpecimen,IO/IT/POY/00018,IO/IT/POY/00018,present,urn:lsid:marinespecies.org:taxname:1353946,Opposite stadium (Agatti Island),17.15,1154,10.85,72.19,35.41,4.33,0.83,13-03-2023
82173,Pseudoceros duplicinctus,voucher specimen collections,CMLRE,CMLRE,PreservedSpecimen,IO/IT/POY/00019,IO/IT/POY/00019,present,urn:lsid:marinespecies.org:taxname:1353946,Eastern intertidal (Kadmat Island),27.37,1154,11.22,72.77,30.13,7.74,2.58,10-08-2019
82174,Pseudoceros indicus,voucher specimen collections,CMLRE,CMLRE,PreservedSpecimen,IO/IT/POY/00020,IO/IT/POY/00020,present,urn:lsid:marinespecies.org:taxname:387924,Eastern intertidal (Kadmat Island),15.29,1065,11.22,72.77,33.23,7.64,0.62,19-08-2018
82175,Pseudoceros galatheensis,voucher specimen collections,CMLRE,CMLRE,PreservedSpecimen,IO/IT/POY/00021,IO/IT/POY/00021,present,urn:lsid:marinespecies.org:taxname:1262325,Eastern intertidal (Amini Island),24.08,1065,11.11,72.71,35.56,4.88,1.75,11-05-2021
82176,Pseudobiceros stellae,voucher specimen collections,CMLRE,CMLRE,PreservedSpecimen,IO/IT/POY/00022,IO/IT/POY/00022,present,urn:lsid:marinespecies.org:taxname:878962,Eastern intertidal (Amini Island),18.1,550,11.11,72.71,34.87,3.39,0.13,28-08-2018
82177,Pseudoceros duplicinctus,voucher specimen collections,CMLRE,CMLRE,PreservedSpecimen,IO/IT/POY/00023,IO/IT/POY/00023,present,urn:lsid:marinespecies.org:taxname:1353946,Eastern intertidal (Kavaratti Island),26.35,1241,10.54,72.62,32.41,6.34,1.56,26-08-2021
82178,Pseudoceros galatheensis,voucher specimen collections,CMLRE,CMLRE,PreservedSpecimen,IO/IT/POY/00024,IO/IT/POY/00024,present,urn:lsid:marinespecies.org:taxname:1262325,Eastern intertidal (Kavaratti Island),10.54,439,10.54,72.62,36.57,3.88,2.28,01-02-2020
82179,Bulaceros porcellanus,voucher specimen collections,CMLRE,CMLRE,PreservedSpecimen,IO/IT/POY/00025,IO/IT/POY/00025,present,urn:lsid:marinespecies.org:taxname:878904,CMLRE hatchery (eastern side),4.4,202,10.85,72.19,32.47,4.21,2.74,07-05-2015
82180,Bulaceros newcannorum,voucher specimen collections,CMLRE,CMLRE,PreservedSpecimen,IO/IT/POY/00026,IO/IT/POY/00026,present,urn:lsid:marinespecies.org:taxname:1482241,Opposite Solar power Plant (Agatti Island),19.08,250,10.83,72.19,33.23,2.77,1.03,12-11-2020
82181,Bulaceros newcannorum,voucher specimen collections,CMLRE,CMLRE,PreservedSpecimen,IO/IT/POY/00027,IO/IT/POY/00027,present,urn:lsid:marinespecies.org:taxname:1482241,"Near tripods, eastern side (Kavaratti Island)",21.45,250,10.56,72.63,30.5,4.53,0.58,19-01-2015
82182,Pseudoceros galaxea,voucher specimen collections,CMLRE,CMLRE,PreservedSpecimen,IO/IT/POY/00029,IO/IT/POY/00029,present,urn:lsid:marinespecies.org:taxname:1498473,"CMLRE field research station, Agatti Island",24.94,53,10.84,72.18,30.28,6.5,1.5,21-02-2017
82183,Pseudoceros galaxea,voucher specimen collections,CMLRE,CMLRE,PreservedSpecimen,IO/IT/POY/00030,IO/IT/POY/00030,present,urn:lsid:marinespecies.org:taxname:1498473,"CMLRE field research station, Agatti Island",21.88,53,10.84,72.18,33.01,5.11,2.62,16-05-2019
82184,Pseudoceros paralaticlavus,voucher specimen collections,CMLRE,CMLRE,PreservedSpecimen,IO/IT/POY/00031,IO/IT/POY/00031,present,urn:lsid:marinespecies.org:taxname:878936,Eastern jetty (Agatti Island),26.81,53,10.86,72.2,35.54,2.41,1.42,10-07-2023
82185,Pseudoceros paralaticlavus,voucher specimen collections,CMLRE,CMLRE,PreservedSpecimen,IO/IT/POY/00032,IO/IT/POY/00032,present,urn:lsid:marinespecies.org:taxname:878936,Eastern intertidal (Kavaratti Island),19.7,56,10.54,72.62,35.31,4.26,1.64,06-12-2020
82186,Pseudobiceros stellae,voucher specimen collections,CMLRE,CMLRE,PreservedSpecimen,IO/IT/POY/00033,IO/IT/POY/00033,present,urn:lsid:marinespecies.org:taxname:878962,Eastern intertidal (Kadmat Island),21.84,415,11.22,72.77,33.29,2.26,1.8,11-07-2016
82187,Pseudobiceros hancockanus,voucher specimen collections,CMLRE,CMLRE,PreservedSpecimen,IO/IT/POY/00034,IO/IT/POY/00034,present,urn:lsid:marinespecies.org:taxname:879578,Opposite stadium (Agatti Island),20.81,315,10.85,72.19,31.34,7.22,1.37,21-12-2015
82188,Pseudobiceros damawan,voucher specimen collections,CMLRE,CMLRE,PreservedSpecimen,IO/IT/POY/00035,IO/IT/POY/00035,present,urn:lsid:marinespecies.org:taxname:878949,Opposite Solar power Plant (Agatti Island),23,315,10.83,72.19,33.04,3.61,1.47,03-09-2022
82189,Pericelis byerleyana,voucher specimen collections,CMLRE,CMLRE,PreservedSpecimen,IO/IT/POY/00036,IO/IT/POY/00036,present,urn:lsid:marinespecies.org:taxname:483910,NIOT Plant (Agatti Island),20.89,315,10.86,72.2,31.39,5.86,2.98,01-05-2021
82190,Phascolosoma (Phascolosoma) pacificum,voucher specimen collections,CMLRE,CMLRE,PreservedSpecimen,IO/IT/SIP/00013,IO/IT/SIP/00013,present,urn:lsid:marinespecies.org:taxname:220539,Eastern jetty (Agatti Island),15.62,109,10.86,72.2,34.74,6.18,1.99,23-10-2016
82191,Anchylomera blossevillei,voucher specimen collections,CMLRE,CMLRE,PreservedSpecimen,IO/OV/AMP/00001,IO/OV/AMP/00001,present,urn:lsid:marinespecies.org:taxname:236613,Southern Ocean,29.96,109,-31.98,57.483333,34.44,5.36,2.51,06-09-2018
82192,Hyperietta stephenseni,voucher specimen collections,CMLRE,CMLRE,PreservedSpecimen,IO/OV/AMP/00002,IO/OV/AMP/00002,present,urn:lsid:marinespecies.org:taxname:421608,Southern Ocean,23,315,-31.98,57.483333,31.65,5.87,2.1,31-08-2017
82193,Themisto gaudichaudi,voucher specimen collections,CMLRE,CMLRE,PreservedSpecimen,IO/OV/AMP/00003,IO/OV/AMP/00003,present,urn:lsid:marinespecies.org:taxname:325384,Southern Ocean,13.71,53,-47.1,57.6,30.3,5.37,1.69,28-12-2023
82194,Themisto gaudichaudi,voucher specimen collections,CMLRE,CMLRE,PreservedSpecimen,IO/OV/AMP/00004,IO/OV/AMP/00004,present,urn:lsid:marinespecies.org:taxname:325385,Southern Ocean,13.2,53,-47.98,48.5,31.96,6.39,2.46,07-05-2022
82195,Themisto gaudichaudi,voucher specimen collections,CMLRE,CMLRE,PreservedSpecimen,IO/OV/AMP/00005,IO/OV/AMP/00005,present,urn:lsid:marinespecies.org:taxname:325386,Southern Ocean,19.2,53,-47,45,31.43,6.36,1.14,14-11-2015
82196,Themisto gaudichaudi,voucher specimen collections,CMLRE,CMLRE,PreservedSpecimen,IO/OV/AMP/00006,IO/OV/AMP/00006,present,urn:lsid:marinespecies.org:taxname:325387,Southern Ocean,28.36,147,-46,45,36.17,5.35,0.84,03-05-2016
82197,Themisto gaudichaudi,voucher specimen collections,CMLRE,CMLRE,PreservedSpecimen,IO/OV/AMP/00007,IO/OV/AMP/00007,present,urn:lsid:marinespecies.org:taxname:325388,Southern Ocean,26.83,315,-45,45,30.27,7.68,1.96,04-07-2016
82198,Themisto gaudichaudi,voucher specimen collections,CMLRE,CMLRE,PreservedSpecimen,IO/OV/AMP/00008,IO/OV/AMP/00008,present,urn:lsid:marinespecies.org:taxname:325389,Southern Ocean,24.96,524,-43,46.983333,31.43,7.48,1.7,06-03-2017
82199,Linuparus somniosus,voucher specimen collections,CMLRE,CMLRE,PreservedSpecimen,IO/SS/ACH/00001,IO/SS/ACH/00001,present,urn:lsid:marinespecies.org:taxname:210644,East off North Andaman Island,15.39,108,13.22,93.18,35.56,4.44,2.63,28-05-2016
82200,Puerulus angulatus,voucher specimen collections,CMLRE,CMLRE,PreservedSpecimen,IO/SS/ACH/00002,IO/SS/ACH/00002,present,urn:lsid:marinespecies.org:taxname:241308,Southwest off Great Nicobar Island,6.11,395,6.64,93.68,34.85,7.76,0.66,06-08-2022
82201,Puerulus angulatus,voucher specimen collections,CMLRE,CMLRE,PreservedSpecimen,IO/SS/ACH/00003,IO/SS/ACH/00003,present,urn:lsid:marinespecies.org:taxname:241308,Southwest off Great Nicobar Island,4.83,395,6.64,93.68,30.65,6.17,2.18,15-02-2022
82202,Puerulus sewelli,voucher specimen collections,CMLRE,CMLRE,PreservedSpecimen,IO/SS/ACH/00004,IO/SS/ACH/00004,present,urn:lsid:marinespecies.org:taxname:220234,East off Middle Andaman Island,26.97,337,12.81,93.08,31.05,5.12,0.46,03-03-2016
82203,Puerulus sewelli,voucher specimen collections,CMLRE,CMLRE,PreservedSpecimen,IO/SS/ACH/00005,IO/SS/ACH/00005,present,urn:lsid:marinespecies.org:taxname:220234,East off Middle Andaman Island,21.78,337,12.81,93.08,35.46,7.67,2.69,03-08-2019
82204,Puerulus sewelli,voucher specimen collections,CMLRE,CMLRE,PreservedSpecimen,IO/SS/ACH/00006,IO/SS/ACH/00006,present,urn:lsid:marinespecies.org:taxname:220234,Northwest off Middle Andaman Island,15.01,441,11.15,92.33,36.75,7.23,1.45,16-03-2023
82205,Puerulus sewelli,voucher specimen collections,CMLRE,CMLRE,PreservedSpecimen,IO/SS/ACH/00007,IO/SS/ACH/00007,present,urn:lsid:marinespecies.org:taxname:220234,Southwest off Great Nicobar Island,21.95,441,6.64,93.68,32.45,6.53,2.46,23-09-2023
82206,Puerulus sewelli,voucher specimen collections,CMLRE,CMLRE,PreservedSpecimen,IO/SS/ACH/00008,IO/SS/ACH/00008,present,urn:lsid:marinespecies.org:taxname:220234,East off North Andaman Island,25.13,271,13.22,93.18,35.29,2.55,1.68,31-08-2023
82207,Puerulus sewelli,voucher specimen collections,CMLRE,CMLRE,PreservedSpecimen,IO/SS/ACH/00009,IO/SS/ACH/00009,present,urn:lsid:marinespecies.org:taxname:220234,East off North Andaman Island,25.74,271,13,93.11,30.39,2.89,0.15,15-09-2021
82208,Puerulus sewelli,voucher specimen collections,CMLRE,CMLRE,PreservedSpecimen,IO/SS/ACH/00010,IO/SS/ACH/00010,present,urn:lsid:marinespecies.org:taxname:220234,West off Great Nicobar Island,15.71,409,6.84,93.05,35.45,6.58,0.84,11-03-2021
82209,Puerulus sewelli,voucher specimen collections,CMLRE,CMLRE,PreservedSpecimen,IO/SS/ACH/00011,IO/SS/ACH/00011,present,urn:lsid:marinespecies.org:taxname:220234,"Southwest off Katchal Island, Nicobars",29.45,409,7.75,93.21,30.71,6.75,1.59,09-04-2017
82210,Puerulus sewelli,voucher specimen collections,CMLRE,CMLRE,PreservedSpecimen,IO/SS/ACH/00012,IO/SS/ACH/00012,present,urn:lsid:marinespecies.org:taxname:220234,"West off Kasaragod, Kerala",6.18,390,12.47,74.15,35.34,6.31,1.16,10-12-2020
82211,Puerulus sewelli,voucher specimen collections,CMLRE,CMLRE,PreservedSpecimen,IO/SS/ACH/00013,IO/SS/ACH/00013,present,urn:lsid:marinespecies.org:taxname:220234,West off South Andaman Island,19.58,402,11.8,92.33,31.61,2.93,0.46,21-06-2019
82212,Puerulus sewelli,voucher specimen collections,CMLRE,CMLRE,PreservedSpecimen,IO/SS/ACH/00014,IO/SS/ACH/00014,present,urn:lsid:marinespecies.org:taxname:220234,"Southwest off Rutland Island, Andamans",11.82,338,11.21,92.36,36.56,7.45,0.97,18-05-2017
82213,Puerulus sewelli,voucher specimen collections,CMLRE,CMLRE,PreservedSpecimen,IO/SS/ACH/00015,IO/SS/ACH/00015,present,urn:lsid:marinespecies.org:taxname:220234,"West off Rutland Island, Andamans",19.71,645,11.35,92.39,30.85,5.51,0.72,17-07-2021
82214,Puerulus sewelli,voucher specimen collections,CMLRE,CMLRE,PreservedSpecimen,IO/SS/ACH/00016,IO/SS/ACH/00016,present,urn:lsid:marinespecies.org:taxname:220234,Northwest off Little Andaman island,21.54,645,10.86,92.19,33.5,2.73,1.25,13-08-2022
82215,Puerulus sewelli,voucher specimen collections,CMLRE,CMLRE,PreservedSpecimen,IO/SS/ACH/00017,IO/SS/ACH/00017,present,urn:lsid:marinespecies.org:taxname:220234,West off Great Nicobar Island,27.68,540,6.83,93.76,36.44,2.38,2.02,25-08-2015
82216,Puerulus sewelli,voucher specimen collections,CMLRE,CMLRE,PreservedSpecimen,IO/SS/ACH/00018,IO/SS/ACH/00018,present,urn:lsid:marinespecies.org:taxname:220234,East off Middle Andaman Island,23.24,540,12.53,93.15,36.76,3.12,1.14,11-06-2023
82217,Puerulus sewelli,voucher specimen collections,CMLRE,CMLRE,PreservedSpecimen,IO/SS/ACH/00019,IO/SS/ACH/00019,present,urn:lsid:marinespecies.org:taxname:220234,East off Middle Andaman Island,21.42,567,12.74,93.11,33.58,3.54,1.85,13-03-2015
82218,Puerulus sewelli,voucher specimen collections,CMLRE,CMLRE,PreservedSpecimen,IO/SS/ACH/00020,IO/SS/ACH/00020,present,urn:lsid:marinespecies.org:taxname:220234,East off North Andaman Island,26.27,567,13.24,93.17,31.72,3.39,1.44,05-10-2023
82219,Puerulus sewelli,voucher specimen collections,CMLRE,CMLRE,PreservedSpecimen,IO/SS/ACH/00021,IO/SS/ACH/00021,present,urn:lsid:marinespecies.org:taxname:220234,West off South Andaman Island,9.59,323,11.93,92.28,34.49,3.46,2.97,22-02-2015
82220,Puerulus sewelli,voucher specimen collections,CMLRE,CMLRE,PreservedSpecimen,IO/SS/ACH/00022,IO/SS/ACH/00022,present,urn:lsid:marinespecies.org:taxname:220234,East off Middle Andaman Island,23.77,323,12.49,93.18,35.35,3.26,2.34,03-03-2020
82221,Puerulus sewelli,voucher specimen collections,CMLRE,CMLRE,PreservedSpecimen,IO/SS/ACH/00023,IO/SS/ACH/00023,present,urn:lsid:marinespecies.org:taxname:220234,East off North Andaman Island,17.37,213,13.27,93.26,31.64,6.67,2.43,28-12-2018
82222,Puerulus sewelli,voucher specimen collections,CMLRE,CMLRE,PreservedSpecimen,IO/SS/ACH/00024,IO/SS/ACH/00024,present,urn:lsid:marinespecies.org:taxname:220234,"West off Alleppey, Kerala",9.03,520,9.5,75.7,36.64,5.27,2.88,26-08-2021
82223,Bathyarctus rubens,voucher specimen collections,CMLRE,CMLRE,PreservedSpecimen,IO/SS/ACH/00025,IO/SS/ACH/00025,present,urn:lsid:marinespecies.org:taxname:382938,East off North Andaman Island,25.9,271,13.03,93.1,31.93,5.1,2.33,11-07-2021
82224,Bathyarctus rubens,voucher specimen collections,CMLRE,CMLRE,PreservedSpecimen,IO/SS/ACH/00026,IO/SS/ACH/00026,present,urn:lsid:marinespecies.org:taxname:382938,East off North Andaman Island,29.13,567,13.03,93.1,34.33,5.21,2.93,03-09-2019
82225,Bathyarctus rubens,voucher specimen collections,CMLRE,CMLRE,PreservedSpecimen,IO/SS/ACH/00027,IO/SS/ACH/00027,present,urn:lsid:marinespecies.org:taxname:382938,East off North Andaman Island,15.28,676,13.22,93.18,31.76,6.99,2.83,17-09-2018
82226,Bathyarctus rubens,voucher specimen collections,CMLRE,CMLRE,PreservedSpecimen,IO/SS/ACH/00028,IO/SS/ACH/00028,present,urn:lsid:marinespecies.org:taxname:382938,East off North Andaman Island,23.37,654,13,93.11,35.65,2.91,1.05,13-01-2020
82227,Bathyarctus rubens,voucher specimen collections,CMLRE,CMLRE,PreservedSpecimen,IO/SS/ACH/00029,IO/SS/ACH/00029,present,urn:lsid:marinespecies.org:taxname:382938,Northwest off Little Andaman island,7.37,654,10.86,92.19,30.76,2.73,0.39,08-03-2023
82228,Bathyarctus rubens,voucher specimen collections,CMLRE,CMLRE,PreservedSpecimen,IO/SS/ACH/00030,IO/SS/ACH/00030,present,urn:lsid:marinespecies.org:taxname:382938,East off Middle Andaman Island,22.43,526,12.53,93.15,32.75,2.46,1.89,21-05-2019
82229,Bathyarctus rubens,voucher specimen collections,CMLRE,CMLRE,PreservedSpecimen,IO/SS/ACH/00031,IO/SS/ACH/00031,present,urn:lsid:marinespecies.org:taxname:382938,East off North Andaman Island,24.26,526,13.24,93.17,34.81,6.97,0.28,22-11-2023
82230,Bathyarctus rubens,voucher specimen collections,CMLRE,CMLRE,PreservedSpecimen,IO/SS/ACH/00032,IO/SS/ACH/00032,present,urn:lsid:marinespecies.org:taxname:382938,East off Middle Andaman Island,24.25,299,12.49,93.18,34.01,6.15,1.78,26-05-2022
82231,Bathyarctus rubens,voucher specimen collections,CMLRE,CMLRE,PreservedSpecimen,IO/SS/ACH/00033,IO/SS/ACH/00033,present,urn:lsid:marinespecies.org:taxname:382938,East off Middle Andaman Island,28.85,337,12.49,93.18,36.66,5.42,1.74,20-08-2015
82232,Gibbularctus gibberosus,voucher specimen collections,CMLRE,CMLRE,PreservedSpecimen,IO/SS/ACH/00034,IO/SS/ACH/00034,present,urn:lsid:marinespecies.org:taxname:382962,South off Great Nicobar Island,25.7,326,6.65,93.83,35.05,2.74,2.51,06-04-2022
82233,Petrarctus rugosus,voucher specimen collections,CMLRE,CMLRE,PreservedSpecimen,IO/SS/ACH/00035,IO/SS/ACH/00035,present,urn:lsid:marinespecies.org:taxname:246458,"Southwest off Tillangchong Island, Nicobars",11.43,535,8.37,93.57,33.33,7.07,2.95,08-09-2019
82234,Petrarctus rugosus,voucher specimen collections,CMLRE,CMLRE,PreservedSpecimen,IO/SS/ACH/00036,IO/SS/ACH/00036,present,urn:lsid:marinespecies.org:taxname:246458,West off Great Nicobar Island,5.16,535,6.96,93.6,33.2,7.26,2.75,16-05-2015
82235,Petrarctus rugosus,voucher specimen collections,CMLRE,CMLRE,PreservedSpecimen,IO/SS/ACH/00037,IO/SS/ACH/00037,present,urn:lsid:marinespecies.org:taxname:246458,Southwest off Great Nicobar Island,23.6,390,6.8,93.69,31.69,2.03,2.29,20-05-2015
82236,Puerulus sewelli,voucher specimen collections,CMLRE,CMLRE,PreservedSpecimen,IO/SS/ACH/00038,IO/SS/ACH/00038,present,urn:lsid:marinespecies.org:taxname:220234,East of North Andaman Island,27.18,213,13.03,93.1,34.95,7.52,0.3,28-06-2015
82237,Puerulus sewelli,voucher specimen collections,CMLRE,CMLRE,PreservedSpecimen,IO/SS/ACH/00039,IO/SS/ACH/00039,present,urn:lsid:marinespecies.org:taxname:220234,West off South Andaman Island,15.43,213,11.8,92.33,34.53,3.28,1.17,03-04-2015
82238,Puerulus sewelli,voucher specimen collections,CMLRE,CMLRE,PreservedSpecimen,IO/SS/ACH/00040,IO/SS/ACH/00040,present,urn:lsid:marinespecies.org:taxname:220234,East off Middle Andaman Island,3.95,402,12.74,93.11,35.15,6.4,1.29,07-02-2021
82239,Puerulus sewelli,voucher specimen collections,CMLRE,CMLRE,PreservedSpecimen,IO/SS/ACH/00041,IO/SS/ACH/00041,present,urn:lsid:marinespecies.org:taxname:220234,Great Nicobar Island,20.71,338,6.84,93.05,30.02,2.92,2.79,30-11-2022
82240,Puerulus angulatus,voucher specimen collections,CMLRE,CMLRE,PreservedSpecimen,IO/SS/ACH/00042,IO/SS/ACH/00042,present,urn:lsid:marinespecies.org:taxname:241308,Great Nicobar Island,27.15,332,6.84,93.05,34.88,7.15,2.72,07-05-2020
82241,Puerulus angulatus,voucher specimen collections,CMLRE,CMLRE,PreservedSpecimen,IO/SS/ACH/00043,IO/SS/ACH/00043,present,urn:lsid:marinespecies.org:taxname:241308,"Katchal Island, Nicobars",29.34,691,7.75,93.21,33.73,3.39,0.63,14-09-2023
82242,Paralomis indica,voucher specimen collections,CMLRE,CMLRE,HumanObservation,IO/SS/ANO/00001,IO/SS/ANO/00001,present,urn:lsid:marinespecies.org:taxname:550579,West off Great Nicobar Island,6.19,458,6.84,93.05,33.11,2.03,2.34,06-08-2016
82243,Uroptychus sampadae,voucher specimen collections,CMLRE,CMLRE,PreservedSpecimen,IO/SS/ANO/00002,IO/SS/ANO/00002,present,urn:lsid:marinespecies.org:taxname:1470586,"Northwest off Honnavar, Karnataka",27.38,433,14.39,73.03,35.46,4.78,1.47,05-06-2019
82244,Uroptychus sampadae,voucher specimen collections,CMLRE,CMLRE,PreservedSpecimen,IO/SS/ANO/00003,IO/SS/ANO/00003,present,urn:lsid:marinespecies.org:taxname:1470586,"Northwest off Honnavar, Karnataka",23.58,766,14.39,73.03,32.16,3.11,0.77,16-07-2023
82245,Sternostylus investigatoris,voucher specimen collections,CMLRE,CMLRE,PreservedSpecimen,IO/SS/ANO/00004,IO/SS/ANO/00004,present,urn:lsid:marinespecies.org:taxname:1310478,Northwest off Little Nicobar Island,26.99,610,7.53,93.65,34.17,4.11,2.6,26-03-2022
82246,Sternostylus investigatoris,voucher specimen collections,CMLRE,CMLRE,PreservedSpecimen,IO/SS/ANO/00005,IO/SS/ANO/00005,present,urn:lsid:marinespecies.org:taxname:1310478,West off Middle Andaman Island,23.82,610,12.48,92.39,36.73,4.62,2.87,2016-Apr-04
82247,Munidopsis dasypus,voucher specimen collections,CMLRE,CMLRE,PreservedSpecimen,IO/SS/ANO/00006,IO/SS/ANO/00006,present,urn:lsid:marinespecies.org:taxname:246531,"East off Rutland Island, Andamans",20.78,214,11.38,92.78,30.51,6.3,0.37,2015-Jan-16
82248,Munidopsis levis,voucher specimen collections,CMLRE,CMLRE,PreservedSpecimen,IO/SS/ANO/00007,IO/SS/ANO/00007,present,urn:lsid:marinespecies.org:taxname:392554,"Northwest off Honnavar, Karnataka",19.85,950,14.39,73.03,36.19,2.46,2.04,2018-Feb-28
82249,Munidopsis levis,voucher specimen collections,CMLRE,CMLRE,PreservedSpecimen,IO/SS/ANO/00008,IO/SS/ANO/00008,present,urn:lsid:marinespecies.org:taxname:392554,"Northwest off Honnavar, Karnataka",27.69,950,14.39,73.03,34.62,6.75,1.59,2018-Feb-28
82250,Munidopsis levis,voucher specimen collections,CMLRE,CMLRE,PreservedSpecimen,IO/SS/ANO/00009,IO/SS/ANO/00009,present,urn:lsid:marinespecies.org:taxname:392554,"Northwest off Honnavar, Karnataka",16.05,514,14.37,73.03,35.52,5.58,2.3,2018-Apr-09
82251,Munidopsis levis,voucher specimen collections,CMLRE,CMLRE,PreservedSpecimen,IO/SS/ANO/00010,IO/SS/ANO/00010,present,urn:lsid:marinespecies.org:taxname:392554,"Northwest off Honnavar, Karnataka",21.93,514,14.37,73.03,35.67,7.75,1.32,2018-Apr-09
82252,Munidopsis regia,voucher specimen collections,CMLRE,CMLRE,PreservedSpecimen,IO/SS/ANO/00011,IO/SS/ANO/00011,present,urn:lsid:marinespecies.org:taxname:392593,East off Little Andaman Island,20.37,213,10.9,93.07,36.12,6.75,1.6,2010-Sep-15
82253,Munidopsis regia,voucher specimen collections,CMLRE,CMLRE,PreservedSpecimen,IO/SS/ANO/00012,IO/SS/ANO/00012,present,urn:lsid:marinespecies.org:taxname:392593,East off Little Andaman Island,21.65,213,10.9,93.07,31.52,7.14,1.37,2010-Sep-15
82254,Munidopsis regia,voucher specimen collections,CMLRE,CMLRE,PreservedSpecimen,IO/SS/ANO/00013,IO/SS/ANO/00013,present,urn:lsid:marinespecies.org:taxname:392593,Southwest off Great Nicobar Island,30.79,777,6.64,93.68,30.7,4.34,0.01,2010-Sep-24
82255,Munidopsis regia,voucher specimen collections,CMLRE,CMLRE,PreservedSpecimen,IO/SS/ANO/00014,IO/SS/ANO/00014,present,urn:lsid:marinespecies.org:taxname:392593,Southwest off Great Nicobar Island,31.86,395,6.64,93.68,36.03,2.31,1.42,2010-Sep-24
82256,Munidopsis regia,voucher specimen collections,CMLRE,CMLRE,PreservedSpecimen,IO/SS/ANO/00015,IO/SS/ANO/00015,present,urn:lsid:marinespecies.org:taxname:392593,"West off Rutland Island, Andamans",9.61,395,11.35,92.39,36.46,5.77,0.48,2015-Jan-11
82257,Munidopsis regia,voucher specimen collections,CMLRE,CMLRE,PreservedSpecimen,IO/SS/ANO/00016,IO/SS/ANO/00016,present,urn:lsid:marinespecies.org:taxname:392593,East off North Andaman Island,21.93,402,13.27,93.26,30.87,3.19,0.26,2017-Nov-26
82258,Munidopsis regia,voucher specimen collections,CMLRE,CMLRE,PreservedSpecimen,IO/SS/ANO/00017,IO/SS/ANO/00017,present,urn:lsid:marinespecies.org:taxname:392593,East off North Andaman Island,15.48,411,13.27,93.26,35.06,6.72,2.37,2017-Nov-26
82259,Munidopsis regia,voucher specimen collections,CMLRE,CMLRE,HumanObservation,IO/SS/ANO/00018,IO/SS/ANO/00018,present,urn:lsid:marinespecies.org:taxname:392593,West off South Andaman Island,0.58,520,11.8,92.09,31.38,6.06,1.34,2017-Nov-28
82260,Munidopsis trifida,voucher specimen collections,CMLRE,CMLRE,PreservedSpecimen,IO/SS/ANO/00019,IO/SS/ANO/00019,present,urn:lsid:marinespecies.org:taxname:392634,"Northwest off Honnavar, Karnataka",23.01,635,14.39,73.03,34.66,5.77,1.03,2018-Feb-28
82261,Munidopsis trifida,voucher specimen collections,CMLRE,CMLRE,PreservedSpecimen,IO/SS/ANO/00020,IO/SS/ANO/00020,present,urn:lsid:marinespecies.org:taxname:392634,"Northwest off Honnavar, Karnataka",17.62,1245,14.39,73.03,32.6,2.42,1.71,2018-Feb-28
82262,Munidopsis trifida,voucher specimen collections,CMLRE,CMLRE,PreservedSpecimen,IO/SS/ANO/00021,IO/SS/ANO/00021,present,urn:lsid:marinespecies.org:taxname:392634,"Northwest off Honnavar, Karnataka",3.08,1245,14.37,73.03,31.15,6.74,0.53,2018-Apr-09
82263,Munidopsis trifida,voucher specimen collections,CMLRE,CMLRE,PreservedSpecimen,IO/SS/ANO/00022,IO/SS/ANO/00022,present,urn:lsid:marinespecies.org:taxname:392634,"Northwest off Honnavar, Karnataka",9.66,1154,14.37,73.03,36.56,6.07,0.92,2018-Apr-09
82264,Munidopsis wardeni,voucher specimen collections,CMLRE,CMLRE,PreservedSpecimen,IO/SS/ANO/00023,IO/SS/ANO/00023,present,urn:lsid:marinespecies.org:taxname:392645,"Northwest off Honnavar, Karnataka",-0.57,1154,14.39,73.03,33.21,7.88,1.95,2018-Feb-28
82265,Munidopsis wardeni,voucher specimen collections,CMLRE,CMLRE,PreservedSpecimen,IO/SS/ANO/00024,IO/SS/ANO/00024,present,urn:lsid:marinespecies.org:taxname:392645,"Northwest off Honnavar, Karnataka",8.93,1154,14.39,73.03,36.44,5.55,0.1,2018-Feb-28
82266,Agononida indocerta,voucher specimen collections,CMLRE,CMLRE,PreservedSpecimen,IO/SS/ANO/00027,IO/SS/ANO/00027,present,urn:lsid:marinespecies.org:taxname:708884,Northwest off Car Nicobar Island,7.89,337,9.6,92.73,33.32,7.71,2.6,2016-Apr-06
82267,Agononida prolixa,voucher specimen collections,CMLRE,CMLRE,PreservedSpecimen,IO/SS/ANO/00028,IO/SS/ANO/00028,present,urn:lsid:marinespecies.org:taxname:392165,East off North Andaman Island,-1.67,439,13.22,93.18,34.67,7.97,2.5,2011-Nov-27
82268,Agononida prolixa,voucher specimen collections,CMLRE,CMLRE,PreservedSpecimen,IO/SS/ANO/00029,IO/SS/ANO/00029,present,urn:lsid:marinespecies.org:taxname:392165,East off Middle Andaman Island,-0.7,439,12.78,93.11,32.69,3.88,2.02,2015-Jan-18
82269,Agononida prolixa,voucher specimen collections,CMLRE,CMLRE,PreservedSpecimen,IO/SS/ANO/00030,IO/SS/ANO/00030,present,urn:lsid:marinespecies.org:taxname:392165,East off Middle Andaman Island,34.98,326,12.53,93.15,35.89,3.71,0.53,2016-Apr-10
82270,Agononida prolixa,voucher specimen collections,CMLRE,CMLRE,PreservedSpecimen,IO/SS/ANO/00031,IO/SS/ANO/00031,present,urn:lsid:marinespecies.org:taxname:392165,East off Middle Andaman Island,34.12,100,12.53,93.15,35.44,5.71,0.52,2016-Apr-10
82271,Munida andamanica,voucher specimen collections,CMLRE,CMLRE,PreservedSpecimen,IO/SS/ANO/00032,IO/SS/ANO/00032,present,urn:lsid:marinespecies.org:taxname:392286,East off Little Andaman Island,30.69,105,10.9,93.07,30.73,5.81,2.61,2010-Sep-15
82272,Munida andamanica,voucher specimen collections,CMLRE,CMLRE,PreservedSpecimen,IO/SS/ANO/00033,IO/SS/ANO/00033,present,urn:lsid:marinespecies.org:taxname:392286,East off Little Andaman Island,35.88,201,10.9,93.07,34.79,6.44,1.72,2010-Sep-15
82273,Munida andamanica,voucher specimen collections,CMLRE,CMLRE,PreservedSpecimen,IO/SS/ANO/00034,IO/SS/ANO/00034,present,urn:lsid:marinespecies.org:taxname:392286,Southwest off Great Nicobar Island,2.16,,6.64,93.68,36.46,5.71,0.31,2010-Sep-24
82274,Munida andamanica,voucher specimen collections,CMLRE,CMLRE,PreservedSpecimen,IO/SS/ANO/00035,IO/SS/ANO/00035,present,urn:lsid:marinespecies.org:taxname:392286,"West off Rutland Island, Andamans",38.88,99,11.35,92.39,35.15,3.71,0.39,2015-Jan-11
82275,Munida andamanica,voucher specimen collections,CMLRE,CMLRE,HumanObservation,IO/SS/ANO/00036,IO/SS/ANO/00036,present,urn:lsid:marinespecies.org:taxname:392286,"West off Rutland Island, Andamans",6.66,42,11.35,92.39,35.11,3.62,2.89,2015-Jan-11
82276,Munida andamanica,voucher specimen collections,CMLRE,CMLRE,PreservedSpecimen,IO/SS/ANO/00037,IO/SS/ANO/00037,present,urn:lsid:marinespecies.org:taxname:392286,East off Middle Andaman Island,4.13,263,12.78,93.11,35.65,2.94,0.67,2015-Jan-18
82277,Munida andamanica,voucher specimen collections,CMLRE,CMLRE,HumanObservation,IO/SS/ANO/00038,IO/SS/ANO/00038,present,urn:lsid:marinespecies.org:taxname:392286,East off Middle Andaman Island,3.89,263,12.78,93.11,36.6,6.04,1.96,2015-Jan-18
82278,Munida andamanica,voucher specimen collections,CMLRE,CMLRE,PreservedSpecimen,IO/SS/ANO/00039,IO/SS/ANO/00039,present,urn:lsid:marinespecies.org:taxname:392286,East off Middle Andaman Island,17.69,53,12.74,93.11,31.5,6.61,0.62,2016-Apr-10
82279,Trapezionida samudrika,voucher specimen collections,CMLRE,CMLRE,PreservedSpecimen,IO/SS/ANO/00040,IO/SS/ANO/00040,present,urn:lsid:marinespecies.org:taxname:1609559,"West off Trivandrum, Kerala",16.25,535,8.56,78.33,36.02,4.36,1.36,2020-Feb-12
82280,Munida sp.,voucher specimen collections,CMLRE,CMLRE,PreservedSpecimen,IO/SS/ANO/00041,IO/SS/ANO/00041,present,urn:lsid:marinespecies.org:taxname:106835,"East off Karaikal, Pondicherry",39.63,535,10.99,80.43,32.98,4.96,2.64,2020-Mar-07
82281,Uroptychus sampadae,voucher specimen collections,CMLRE,CMLRE,PreservedSpecimen,IO/SS/ANO/00043,IO/SS/ANO/00043,present,urn:lsid:marinespecies.org:taxname:1470586,"Northwest off Honnavar, Karnataka",35.36,105,14.37,73.03,30.62,3.76,2.74,2018-Apr-09
82282,Munida andamanica,voucher specimen collections,CMLRE,CMLRE,PreservedSpecimen,IO/SS/ANO/00044,IO/SS/ANO/00044,present,urn:lsid:marinespecies.org:taxname:392286,"Southwest off Trivandrum, Kerala",-0.1,390,8.24,76.49,31.19,3.1,1.1,2020-Feb-29
82283,Agononida prolixa,voucher specimen collections,CMLRE,CMLRE,PreservedSpecimen,IO/SS/ANO/00045,IO/SS/ANO/00045,present,urn:lsid:marinespecies.org:taxname:392165,East off North Andaman Island,39.53,535,13,93.11,36.05,7.79,1.44,2011-Nov-28
82284,Uroptychus sampadae,voucher specimen collections,CMLRE,CMLRE,HumanObservation,IO/SS/ANO/00046,IO/SS/ANO/00046,present,urn:lsid:marinespecies.org:taxname:1470586,"Northwest off Honnavar, Karnataka",10.41,535,14.39,73.03,31.56,3.67,2.64,2018-Feb-28
82285,Paralomis ceres,voucher specimen collections,CMLRE,CMLRE,PreservedSpecimen,IO/SS/ANO/00047,IO/SS/ANO/00047,present,urn:lsid:marinespecies.org:taxname:550568,"Southwest off Trivandrum, Kerala",7.76,35,8.41,75.89,34.02,3.29,0.8,2013-Jul-17
82286,Paralomis indica,voucher specimen collections,CMLRE,CMLRE,PreservedSpecimen,IO/SS/ANO/00048,IO/SS/ANO/00048,present,urn:lsid:marinespecies.org:taxname:550579,"East off Kakinada, Andhra Pradesh",24.47,207,17.05,83.3,31.41,4.55,1.14,2010-Sep-02
82287,Paralomis indica,voucher specimen collections,CMLRE,CMLRE,PreservedSpecimen,IO/SS/ANO/00049,IO/SS/ANO/00049,present,urn:lsid:marinespecies.org:taxname:550579,"Northeast off Srikakulam, Andhra Pradesh",39.2,207,18.83,85.37,30.33,7.29,2.48,2011-Oct-30
82288,Paralomis indica,voucher specimen collections,CMLRE,CMLRE,PreservedSpecimen,IO/SS/ANO/00050,IO/SS/ANO/00050,present,urn:lsid:marinespecies.org:taxname:550579,"Northeast off Srikakulam, Andhra Pradesh",37.17,535,18.83,85.37,35.8,5.49,2.83,2011-Oct-30
82289,Paralomis indica,voucher specimen collections,CMLRE,CMLRE,PreservedSpecimen,IO/SS/ANO/00051,IO/SS/ANO/00051,present,urn:lsid:marinespecies.org:taxname:550579,"East off Karaikal, Pondicherry",0.58,535,10.92,80.36,35.56,5.25,1.59,2011-Nov-08
82290,Paralomis indica,voucher specimen collections,CMLRE,CMLRE,PreservedSpecimen,IO/SS/ANO/00052,IO/SS/ANO/00052,present,urn:lsid:marinespecies.org:taxname:550579,"East off Karaikal, Pondicherry",35.23,535,10.92,80.36,34.36,6.9,0.48,2011-Nov-08
82291,Paralomis indica,voucher specimen collections,CMLRE,CMLRE,PreservedSpecimen,IO/SS/ANO/00053,IO/SS/ANO/00053,present,urn:lsid:marinespecies.org:taxname:550579,"East off Puducherry, Pondicherry",25.2,535,11.91,80.14,36,3.47,1.18,2011-Nov-09
82292,Paralomis indica,voucher specimen collections,CMLRE,CMLRE,PreservedSpecimen,IO/SS/ANO/00054,IO/SS/ANO/00054,present,urn:lsid:marinespecies.org:taxname:550579,"East off Karaikal, Pondicherry",27.41,390,11.1,80.32,32.39,3.01,0.57,2010-Aug-26
82293,Paralomis indica,voucher specimen collections,CMLRE,CMLRE,PreservedSpecimen,IO/SS/ANO/00055,IO/SS/ANO/00055,present,urn:lsid:marinespecies.org:taxname:550579,"Northeast off Srikakulam, Andhra Pradesh",4.97,390,18.84,85.39,34.14,2.11,2.72,2011-Oct-29
82294,Paralomis indica,voucher specimen collections,CMLRE,CMLRE,PreservedSpecimen,IO/SS/ANO/00056,IO/SS/ANO/00056,present,urn:lsid:marinespecies.org:taxname:550579,"West off Kasaragod, Kerala",-1.03,402,12.47,74.15,30.39,7.21,1.71,2013-Aug-24
82295,Paralomis indica,voucher specimen collections,CMLRE,CMLRE,HumanObservation,IO/SS/ANO/00057,IO/SS/ANO/00057,present,urn:lsid:marinespecies.org:taxname:550579,"Southwest off Kasaragod, Kerala",32.15,402,12.1,74.32,30.69,5.59,1.9,2013-Aug-26
82296,Paralomis indica,voucher specimen collections,CMLRE,CMLRE,PreservedSpecimen,IO/SS/ANO/00059,IO/SS/ANO/00059,present,urn:lsid:marinespecies.org:taxname:550579,"West off Kasaragod, Kerala",2.15,337,12.47,74.15,35.48,5.09,2.31,2013-Aug-24
82297,Paralomis indica,voucher specimen collections,CMLRE,CMLRE,PreservedSpecimen,IO/SS/ANO/00060,IO/SS/ANO/00060,present,urn:lsid:marinespecies.org:taxname:550579,"Southwest off Trivandrum, Kerala",25.69,72,8.24,76.49,34.6,3.63,1.9,2020-Feb-29
82298,Paramunida travancorica,voucher specimen collections,CMLRE,CMLRE,PreservedSpecimen,IO/SS/ANO/00061,IO/SS/ANO/00061,present,urn:lsid:marinespecies.org:taxname:1609560,"Southwest off Cape Comorin, Tamil Nadu",11.95,105,7.01,77.32,36.83,4.38,0.13,2020-Feb-14
82299,Paramunida travancorica,voucher specimen collections,CMLRE,CMLRE,PreservedSpecimen,IO/SS/ANO/00062,IO/SS/ANO/00062,present,urn:lsid:marinespecies.org:taxname:1609560,"Southwest off Cape Comorin, Tamil Nadu",21.1,54,7.01,77.32,30.62,4.09,0.47,2020-Feb-14
82300,Petrolisthes militaris,voucher specimen collections,CMLRE,CMLRE,PreservedSpecimen,IO/SS/ANO/00063,IO/SS/ANO/00063,present,urn:lsid:marinespecies.org:taxname:210117,"West off Trivandrum, Kerala",16.86,109,8.56,78.33,32.69,4.18,0.24,2020-Feb-12
82301,Munidopsis regia,voucher specimen collections,CMLRE,CMLRE,PreservedSpecimen,IO/SS/ANO/00067,IO/SS/ANO/00067,present,urn:lsid:marinespecies.org:taxname:392593,"Southwest off Trivandrum, Kerala",20.27,109,8.24,76.49,34.9,7.96,1.05,2020-Feb-29
82302,Munidopsis scobina,voucher specimen collections,CMLRE,CMLRE,PreservedSpecimen,IO/SS/ANO/00068,IO/SS/ANO/00068,present,urn:lsid:marinespecies.org:taxname:392601,"Southeast off Machilipatnam, Andhra Pradesh",20.56,105,16.04,81.68,34.65,4.43,0.36,2016-Nov-19
82303,Munidopsis scobina,voucher specimen collections,CMLRE,CMLRE,PreservedSpecimen,IO/SS/ANO/00069,IO/SS/ANO/00069,present,urn:lsid:marinespecies.org:taxname:392601,"Southeast off Machilipatnam, Andhra Pradesh",20.8,72,16.04,81.68,31.96,3.64,1.04,2016-Nov-19
82304,Munidopsis scobina,voucher specimen collections,CMLRE,CMLRE,PreservedSpecimen,IO/SS/ANO/00070,IO/SS/ANO/00070,present,urn:lsid:marinespecies.org:taxname:392601,"Southwest off Kasaragod, Kerala",23.35,54,12.47,74.15,34.69,5.61,2.32,2013-Aug-24
82305,Munidopsis scobina,voucher specimen collections,CMLRE,CMLRE,PreservedSpecimen,IO/SS/ANO/00071,IO/SS/ANO/00071,present,urn:lsid:marinespecies.org:taxname:392601,"Southwest off Kasaragod, Kerala",17.06,72,12.47,74.15,36.39,2.34,0.73,2013-Aug-24
82306,Agononida prolixa,voucher specimen collections,CMLRE,CMLRE,PreservedSpecimen,IO/SS/ANO/00072,IO/SS/ANO/00072,present,urn:lsid:marinespecies.org:taxname:392165,East off Middle Andaman Island,37.75,72,12.74,93.11,32.5,7.85,2.93,2016-Apr-10
82307,Munida andamanica,voucher specimen collections,CMLRE,CMLRE,PreservedSpecimen,IO/SS/ANO/00074,IO/SS/ANO/00074,present,urn:lsid:marinespecies.org:taxname:392286,"West off Kodungallur, Kerala",2.91,54,10.17,75.66,30.89,7.2,2.05,2020-Feb-21
82308,Munida andamanica,voucher specimen collections,CMLRE,CMLRE,PreservedSpecimen,IO/SS/ANO/00075,IO/SS/ANO/00075,present,urn:lsid:marinespecies.org:taxname:392286,"West off Kodungallur, Kerala",3.3,54,10.17,75.66,35.19,7.68,0.53,2020-Feb-21
82309,Agononida,voucher specimen collections,CMLRE,CMLRE,PreservedSpecimen,IO/SS/ANO/00078,IO/SS/ANO/00078,present,urn:lsid:marinespecies.org:taxname:345790,"Southwest off Cape Comorin, Tamil Nadu",31.98,337,7.01,77.32,30.46,7.56,2.84,2020-Feb-14
82310,Agononida,voucher specimen collections,CMLRE,CMLRE,PreservedSpecimen,IO/SS/ANO/00079,IO/SS/ANO/00079,present,urn:lsid:marinespecies.org:taxname:345790,"Southwest off Cape Comorin, Tamil Nadu",15.19,35,7.01,77.32,31.19,3.4,2.66,2020-Feb-14
82311,Munida andamanica,voucher specimen collections,CMLRE,CMLRE,PreservedSpecimen,IO/SS/ANO/00082,IO/SS/ANO/00082,present,urn:lsid:marinespecies.org:taxname:392286,West off North Andaman Island,34.69,52,13.03,92.17,30.2,2.12,2.61,2015-Jan-18
82312,Agononida prolixa,voucher specimen collections,CMLRE,CMLRE,PreservedSpecimen,IO/SS/ANO/00083,IO/SS/ANO/00083,present,urn:lsid:marinespecies.org:taxname:392165,Northwest off Little Andaman island,2.95,54,10.86,92.19,30.33,2.88,2.57,2015-Jan-26
82313,Munidopsis scobina,voucher specimen collections,CMLRE,CMLRE,PreservedSpecimen,IO/SS/ANO/00084,IO/SS/ANO/00084,present,urn:lsid:marinespecies.org:taxname:392601,"East off Kakinada, Andhra Pradesh",21.64,441,17.05,83.3,31.6,4.71,2.98,2010-Sep-02
82314,Munidopsis scobina,voucher specimen collections,CMLRE,CMLRE,PreservedSpecimen,IO/SS/ANO/00085,IO/SS/ANO/00085,present,urn:lsid:marinespecies.org:taxname:392601,"East off Karaikal, Pondicherry",23,72,10.99,80.43,31.86,2.01,2.3,2020-Mar-07
82315,Munidopsis scobina,voucher specimen collections,CMLRE,CMLRE,PreservedSpecimen,IO/SS/ANO/00086,IO/SS/ANO/00086,present,urn:lsid:marinespecies.org:taxname:392601,"Northeast off Karaikal, Pondicherry",13.71,390,11.13,80.2,35.95,6.45,2.71,2010-Aug-27
82316,Munida andamanica,voucher specimen collections,CMLRE,CMLRE,PreservedSpecimen,IO/SS/ANO/00087,IO/SS/ANO/00087,present,urn:lsid:marinespecies.org:taxname:392286,"East off Karaikal, Pondicherry",13.2,390,11.1,80.32,34.48,5.26,1,2010-Aug-26
82317,Munidopsis regia,voucher specimen collections,CMLRE,CMLRE,PreservedSpecimen,IO/SS/ANO/00088,IO/SS/ANO/00088,present,urn:lsid:marinespecies.org:taxname:392593,"East off Karaikal, Pondicherry",19.2,52,11.1,80.32,30.88,7.91,0.78,2010-Aug-26
82318,Munidopsis wardeni,voucher specimen collections,CMLRE,CMLRE,PreservedSpecimen,IO/SS/ANO/00089,IO/SS/ANO/00089,present,urn:lsid:marinespecies.org:taxname:392645,"West off Honnavar, Karnataka",28.36,183,14.26,73.26,33.21,3.66,2.57,2010-Oct-15
82319,Munidopsis wardeni,voucher specimen collections,CMLRE,CMLRE,PreservedSpecimen,IO/SS/ANO/00090,IO/SS/ANO/00090,present,urn:lsid:marinespecies.org:taxname:392645,"West off Honnavar, Karnataka",26.83,56,14.26,73.26,31.08,3.45,2.02,2010-Oct-15
82320,Agononida prolixa,voucher specimen collections,CMLRE,CMLRE,PreservedSpecimen,IO/SS/ANO/00091,IO/SS/ANO/00091,present,urn:lsid:marinespecies.org:taxname:392165,East off North Andaman Island,39.12,56,13.03,93.1,31.44,2.43,1.1,2010-Sep-16
82321,Agononida prolixa,voucher specimen collections,CMLRE,CMLRE,PreservedSpecimen,IO/SS/ANO/00092,IO/SS/ANO/00092,present,urn:lsid:marinespecies.org:taxname:392165,East off North Andaman Island,15.84,567,13.03,93.1,34.05,4.94,0.95,2010-Sep-16
82322,Munidopsis stylirostris,voucher specimen collections,CMLRE,CMLRE,PreservedSpecimen,IO/SS/ANO/00093,IO/SS/ANO/00093,present,urn:lsid:marinespecies.org:taxname:392620,"Southwest off Kovalam, Kerala",10.61,183,8.08,76.12,33.93,5.59,1.98,2017-Oct-24
82323,Neolithodes indicus,voucher specimen collections,CMLRE,CMLRE,PreservedSpecimen,IO/SS/ANO/00094,IO/SS/ANO/00094,present,urn:lsid:marinespecies.org:taxname:1457236,"Southwest off Trivandrum, Kerala",29.55,56,7.79,76.46,36.28,5.32,2.5,2013-Jul-15
82324,Neolithodes indicus,voucher specimen collections,CMLRE,CMLRE,PreservedSpecimen,IO/SS/ANO/00095,IO/SS/ANO/00095,present,urn:lsid:marinespecies.org:taxname:1457236,"Southwest off Trivandrum, Kerala",14.1,56,7.86,76.41,34.08,7.14,1.7,2014-Jul-25
82325,Neolithodes indicus,voucher specimen collections,CMLRE,CMLRE,PreservedSpecimen,IO/SS/ANO/00096,IO/SS/ANO/00096,present,urn:lsid:marinespecies.org:taxname:1457236,"Southwest off Trivandrum, Kerala",5.38,314,8.29,76.03,33.96,5.89,2.37,2013-Sep-10
82326,Munida andamanica,voucher specimen collections,CMLRE,CMLRE,PreservedSpecimen,IO/SS/ANO/00097,IO/SS/ANO/00097,present,urn:lsid:marinespecies.org:taxname:392286,"West off Kasaragod, Kerala",13.56,31,12.47,74.15,35.16,2.61,0.58,2013-Aug-24
82327,Eumunida multispina,voucher specimen collections,CMLRE,CMLRE,PreservedSpecimen,IO/SS/ANO/00098,IO/SS/ANO/00098,present,urn:lsid:marinespecies.org:taxname:1345996,"Southwest off Trivandrum, Kerala",21.33,105,8.36,76.3,32.07,3.91,0.8,2020-Sep-25
82328,Agononida prolixa,voucher specimen collections,CMLRE,CMLRE,PreservedSpecimen,IO/SS/ANO/00099,IO/SS/ANO/00099,present,urn:lsid:marinespecies.org:taxname:392165,East off Middle Andaman Island,20.75,109,12.81,93.08,34.09,5.02,1.6,2010-Sep-17
82329,Munida andamanica,voucher specimen collections,CMLRE,CMLRE,PreservedSpecimen,IO/SS/ANO/00100,IO/SS/ANO/00100,present,urn:lsid:marinespecies.org:taxname:392286,"Northwest off Kochi, Kerala",17.16,105,10.07,75.62,36.74,5.93,2.4,2010-Oct-14
82330,Munida andamanica,voucher specimen collections,CMLRE,CMLRE,PreservedSpecimen,IO/SS/ANO/00101,IO/SS/ANO/00101,present,urn:lsid:marinespecies.org:taxname:392286,"Northwest off Kochi, Kerala",21.9,54,10.07,75.62,31.42,3.94,1.21,2010-Oct-14
82331,Munidopsis unguifera,voucher specimen collections,CMLRE,CMLRE,PreservedSpecimen,IO/SS/ANO/00102,IO/SS/ANO/00102,present,urn:lsid:marinespecies.org:taxname:392638,"Northwest off Kochi, Kerala",3,271,10.07,75.62,32.15,7.35,0.92,2010-Oct-14
82332,Munidopsis unguifera,voucher specimen collections,CMLRE,CMLRE,PreservedSpecimen,IO/SS/ANO/00103,IO/SS/ANO/00103,present,urn:lsid:marinespecies.org:taxname:392638,"Northwest off Kochi, Kerala",25.09,105,10.07,75.62,32.54,5.66,0.59,2010-Oct-14
82333,Munidopsis scobina,voucher specimen collections,CMLRE,CMLRE,PreservedSpecimen,IO/SS/ANO/00104,IO/SS/ANO/00104,present,urn:lsid:marinespecies.org:taxname:392601,"Northwest off Kochi, Kerala",3.18,207,10.07,75.62,31.14,3.5,1.43,2010-Oct-14
82334,Munidopsis scobina,voucher specimen collections,CMLRE,CMLRE,PreservedSpecimen,IO/SS/ANO/00105,IO/SS/ANO/00105,present,urn:lsid:marinespecies.org:taxname:392601,"Northwest off Kochi, Kerala",14.14,207,10.07,75.62,32.41,4.04,0.17,2010-Oct-14
82335,Munidopsis regia,voucher specimen collections,CMLRE,CMLRE,PreservedSpecimen,IO/SS/ANO/00106,IO/SS/ANO/00106,present,urn:lsid:marinespecies.org:taxname:392593,Northwest off Middle Andaman Island,27.91,395,11.15,92.33,31.87,5.84,1.16,2010-Sep-19
82336,Munida andamanica,voucher specimen collections,CMLRE,CMLRE,PreservedSpecimen,IO/SS/ANO/00107,IO/SS/ANO/00107,present,urn:lsid:marinespecies.org:taxname:392286,"Southwest off Colachel, Tamil Nadu",4.45,271,8.01,76.43,36.59,7.56,2.02,2013-Dec-10
82337,Munida andamanica,voucher specimen collections,CMLRE,CMLRE,PreservedSpecimen,IO/SS/ANO/00108,IO/SS/ANO/00108,present,urn:lsid:marinespecies.org:taxname:392286,"Southwest off Colachel, Tamil Nadu",19.63,395,8.01,76.43,31.04,4.48,1.13,2013-Dec-10
82338,Munidopsis scobina,voucher specimen collections,CMLRE,CMLRE,PreservedSpecimen,IO/SS/ANO/00109,IO/SS/ANO/00109,present,urn:lsid:marinespecies.org:taxname:392601,"Northeast off Puducherry, Pondicherry",4.26,204,12.12,80.33,30.82,5.32,0.27,2011-Nov-05
82339,Munidopsis scobina,voucher specimen collections,CMLRE,CMLRE,PreservedSpecimen,IO/SS/ANO/00110,IO/SS/ANO/00110,present,urn:lsid:marinespecies.org:taxname:392601,"Northeast off Puducherry, Pondicherry",18.1,109,12.12,80.33,33.59,3.25,2.18,2011-Nov-05
82340,Munida andamanica,voucher specimen collections,CMLRE,CMLRE,PreservedSpecimen,IO/SS/ANO/00111,IO/SS/ANO/00111,present,urn:lsid:marinespecies.org:taxname:392286,"Southwest off Rutland Island, Andamans",17.21,109,11.21,92.36,34.55,2.33,2.38,2015-Jan-15
82341,Munida andamanica,voucher specimen collections,CMLRE,CMLRE,PreservedSpecimen,IO/SS/ANO/00112,IO/SS/ANO/00112,present,urn:lsid:marinespecies.org:taxname:392286,"Southwest off Rutland Island, Andamans",18.17,54,11.21,92.36,32.67,5.21,2.08,2015-Jan-15
82342,Munida andamanica,voucher specimen collections,CMLRE,CMLRE,PreservedSpecimen,IO/SS/ANO/00113,IO/SS/ANO/00113,present,urn:lsid:marinespecies.org:taxname:392286,"Southwest off Kasaragod, Kerala",24.77,52,12.22,74.33,35.03,6.55,2.9,2012-Aug-23
82343,Munida andamanica,voucher specimen collections,CMLRE,CMLRE,PreservedSpecimen,IO/SS/ANO/00114,IO/SS/ANO/00114,present,urn:lsid:marinespecies.org:taxname:392286,Northwest off Little Andaman island,25,31,10.86,92.19,33.39,2.05,0.72,2015-Jan-26
82344,Munida andamanica,voucher specimen collections,CMLRE,CMLRE,PreservedSpecimen,IO/SS/ANO/00115,IO/SS/ANO/00115,present,urn:lsid:marinespecies.org:taxname:392286,"Southwest off Trivandrum, Kerala",6.67,35,8.28,76.52,32.48,5.89,1.75,2017-Oct-26
82345,Munida andamanica,voucher specimen collections,CMLRE,CMLRE,PreservedSpecimen,IO/SS/ANO/00116,IO/SS/ANO/00116,present,urn:lsid:marinespecies.org:taxname:392286,"Southwest off Trivandrum, Kerala",14.32,31,8.28,76.52,33.04,4.82,0.85,2017-Oct-26
82346,Munidopsis wardeni,voucher specimen collections,CMLRE,CMLRE,PreservedSpecimen,IO/SS/ANO/00117,IO/SS/ANO/00117,present,urn:lsid:marinespecies.org:taxname:392645,"Northwest off Dabhol, Maharashtra",10.94,263,17.62,72.01,33.22,3.4,0.47,2018-Jan-15
82347,Munidopsis stylirostris,voucher specimen collections,CMLRE,CMLRE,PreservedSpecimen,IO/SS/ANO/00118,IO/SS/ANO/00118,present,urn:lsid:marinespecies.org:taxname:392620,"Southwest off Colachel, Tamil Nadu",5.65,635,8.01,76.43,36.71,5.21,1.23,2013-Dec-10
82348,Munidopsis stylirostris,voucher specimen collections,CMLRE,CMLRE,PreservedSpecimen,IO/SS/ANO/00119,IO/SS/ANO/00119,present,urn:lsid:marinespecies.org:taxname:392620,"Southwest off Colachel, Tamil Nadu",29.85,635,8.01,76.43,36.47,4.09,2.9,2013-Dec-10
82349,Paralomis indica,voucher specimen collections,CMLRE,CMLRE,PreservedSpecimen,IO/SS/ANO/00120,IO/SS/ANO/00120,present,urn:lsid:marinespecies.org:taxname:550579,"Northwest off Trivandrum, Kerala",30.61,635,8.64,76.1,33.68,6.49,2.88,2020-Sep-23
